Data,Taxa Selic - a.a.,Taxa Cambio u.m.c./US$,CDS,Itau,RETORNO_LOG_Itau,Petrobras,RETORNO_LOG_Petrobras,Vale Rio Doce,RETORNO_LOG_Vale Rio Doce
2020-10-06,0.02,5.5205,228.85,15.95,0.001883,5.9,-0.005072,35.65,-0.016414
2020-10-07,0.02,5.6018,224.85,15.83,-0.007552,5.86,-0.006803,36.6,0.026299
2020-10-08,0.02,5.62,221.13,16.78,0.058281,6.06,0.03356,37.28,0.018409
2020-10-09,0.02,5.5393,213.87,16.74,-0.002387,5.87,-0.031855,37.47,0.005084
2020-10-13,0.02,5.5859,216.48,16.58,-0.009604,5.96,0.015216,37.79,0.008504
2020-10-14,0.02,5.5675,220.32,16.53,-0.00302,5.92,-0.006734,38.32,0.013927
2020-10-15,0.02,5.6172,221.2,16.38,-0.009116,5.85,-0.011895,37.99,-0.008649
2020-10-16,0.02,5.6226,217.11,16.11,-0.016621,5.73,-0.020726,37.85,-0.003692
2020-10-19,0.02,5.6023,217.28,16.29,0.011111,5.78,0.008688,37.68,-0.004502
2020-10-20,0.02,5.583,215.38,16.94,0.039126,5.98,0.034017,37.61,-0.001859
2020-10-21,0.02,5.6006,212.68,17.09,0.008816,5.97,-0.001674,38.23,0.016351
2020-10-22,0.02,5.582,214.22,17.97,0.05021,6.17,0.032952,38.38,0.003916
2020-10-23,0.02,5.612,209.65,17.74,-0.012882,6.09,-0.013051,38.59,0.005457
2020-10-26,0.02,5.6328,212.26,17.87,0.007301,6.0,-0.014889,38.01,-0.015144
2020-10-27,0.02,5.6491,210.48,17.36,-0.028955,5.89,-0.018503,38.03,0.000526
2020-10-28,0.02,5.7325,218.31,16.58,-0.045972,5.53,-0.063068,36.65,-0.036962
2020-10-29,0.02,5.7803,216.12,16.67,0.005414,5.71,0.032031,37.72,0.028777
2020-10-30,0.02,5.7718,215.33,16.37,-0.01816,5.61,-0.017668,36.83,-0.023878
2020-11-03,0.02,5.6895,209.43,16.77,0.024141,5.82,0.03675,38.52,0.044865
2020-11-04,0.02,5.6932,203.68,17.44,0.039175,5.84,0.003431,37.45,-0.028171
2020-11-05,0.02,5.5624,191.59,17.86,0.023797,5.89,0.008525,38.04,0.015632
2020-11-06,0.02,5.5313,186.94,17.83,-0.001681,5.85,-0.006814,38.43,0.0102
2020-11-09,0.02,5.2821,164.74,19.28,0.078186,6.4,0.089856,38.43,0.0
2020-11-10,0.02,5.3696,165.7,20.15,0.044136,6.84,0.06649,38.41,-0.000521
2020-11-12,0.02,5.4094,177.34,19.5,-0.03279,6.49,-0.052525,38.12,-0.007579
2020-11-13,0.02,5.4854,179.67,19.87,0.018797,6.7,0.031845,38.47,0.00914
2020-11-16,0.02,5.4198,175.44,20.56,0.034136,6.9,0.029414,39.48,0.025915
2020-11-17,0.02,5.3968,176.21,20.58,0.000972,7.02,0.017242,40.73,0.031171
2020-11-18,0.02,5.2932,173.02,20.07,-0.025094,6.98,-0.005714,40.42,-0.00764
2020-11-19,0.02,5.333,173.74,20.1,0.001494,7.06,0.011396,41.19,0.018871
2020-11-23,0.02,5.3828,171.67,20.17,0.003477,7.44,0.052426,43.36,0.051342
2020-11-24,0.02,5.4037,167.08,20.73,0.027386,7.77,0.043399,45.49,0.047955
2020-11-25,0.02,5.3508,166.36,20.49,-0.011645,7.78,0.001286,45.92,0.009408
2020-11-26,0.02,5.3201,166.37,20.05,-0.021708,7.65,-0.016851,46.57,0.014056
2020-11-27,0.02,5.3494,163.86,20.21,0.007948,7.55,-0.013158,47.71,0.024184
2020-11-30,0.02,5.3317,165.49,19.93,-0.013951,7.38,-0.022774,47.44,-0.005675
2020-12-01,0.02,5.2789,155.96,20.77,0.041284,7.58,0.02674,49.42,0.040889
2020-12-02,0.02,5.2267,155.73,20.93,0.007674,7.68,0.013106,48.56,-0.017555
2020-12-03,0.02,5.1625,152.92,20.92,-0.000478,7.89,0.026977,48.02,-0.011183
2020-12-04,0.02,5.1706,151.93,21.13,0.009988,8.16,0.033648,49.86,0.037601
2020-12-07,0.02,5.1018,154.34,21.25,0.005663,8.0,-0.019803,50.45,0.011764
2020-12-08,0.02,5.092,154.22,21.2,-0.002356,7.9,-0.012579,50.42,-0.000595
2020-12-09,0.02,5.1109,154.62,21.32,0.005644,7.98,0.010076,50.3,-0.002383
2020-12-10,0.02,5.0852,153.47,22.03,0.03276,8.24,0.032062,51.7,0.027453
2020-12-11,0.02,5.0691,153.7,21.9,-0.005919,8.17,-0.008531,51.61,-0.001742
2020-12-14,0.02,5.0578,150.42,21.6,-0.013793,8.18,0.001223,50.82,-0.015425
2020-12-15,0.02,5.0968,149.23,21.8,0.009217,8.25,0.008521,51.39,0.011154
2020-12-16,0.02,5.1057,148.73,22.21,0.018633,8.35,0.012048,52.44,0.020226
2020-12-17,0.02,5.0612,146.86,22.18,-0.001352,8.37,0.002392,53.04,0.011377
2020-12-18,0.02,5.0986,148.76,22.15,-0.001353,8.32,-0.005992,53.4,0.006764
2020-12-21,0.02,5.1572,150.62,21.76,-0.017764,8.0,-0.039221,52.83,-0.010732
2020-12-22,0.02,5.1473,149.27,21.86,0.004585,8.08,0.00995,52.88,0.000946
2020-12-23,0.02,5.174,146.88,22.34,0.02172,8.28,0.024451,53.13,0.004717
2020-12-28,0.02,5.239,144.1,22.5,0.007137,8.35,0.008419,53.1,-0.000565
2020-12-29,0.02,5.1942,142.48,22.46,-0.001779,8.37,0.002392,52.96,-0.00264
2020-12-30,0.02,5.1967,142.23,22.13,-0.014802,8.4,0.003578,53.19,0.004333
2021-01-04,0.02,5.1626,140.98,21.63,-0.022853,8.56,0.018868,55.63,0.044852
2021-01-05,0.02,5.3269,146.4,21.49,-0.006494,8.9,0.038951,56.56,0.016579
2021-01-06,0.02,5.3182,146.89,22.12,0.028894,8.92,0.002245,58.42,0.032356
2021-01-07,0.02,5.3433,151.74,22.98,0.038142,9.18,0.028731,62.23,0.063179
2021-01-08,0.02,5.3683,155.0,22.97,-0.000435,9.22,0.004348,62.04,-0.003058
2021-01-11,0.02,5.4966,160.36,22.45,-0.022898,9.14,-0.008715,62.03,-0.000161
2021-01-12,0.02,5.4637,161.44,22.52,0.003113,9.07,-0.007688,60.33,-0.027789
2021-01-13,0.02,5.307,157.69,22.15,-0.016566,8.64,-0.04857,58.52,-0.030461
2021-01-14,0.02,5.2617,159.35,22.81,0.029362,8.72,0.009217,59.48,0.016272
2021-01-15,0.02,5.2714,167.76,21.95,-0.038432,8.33,-0.045756,56.9,-0.044345
2021-01-18,0.02,5.2788,167.76,21.84,-0.005024,8.32,-0.001201,57.36,0.008052
2021-01-19,0.02,5.2945,168.21,21.58,-0.011976,8.5,0.021404,57.21,-0.002618
2021-01-20,0.02,5.3033,165.74,21.22,-0.016823,8.36,-0.016608,56.15,-0.018702
2021-01-21,0.02,5.3166,168.63,20.93,-0.013761,8.16,-0.024214,56.78,0.011157
2021-01-22,0.02,5.4301,171.93,20.49,-0.021247,8.03,-0.01606,56.67,-0.001939
2021-01-26,0.02,5.3865,175.24,19.81,-0.03375,8.0,-0.003743,55.8,-0.015471
2021-01-27,0.02,5.3824,176.81,19.81,0.0,8.12,0.014889,54.25,-0.028171
2021-01-28,0.02,5.4282,170.14,20.6,0.039104,8.22,0.01224,55.41,0.021157
2021-01-29,0.02,5.4759,171.67,19.87,-0.03608,7.91,-0.038442,53.49,-0.035265
2021-02-01,0.02,5.4608,166.22,20.4,0.026324,8.16,0.031116,55.51,0.037068
2021-02-02,0.02,5.3875,156.92,19.96,-0.021805,8.49,0.039645,53.32,-0.040252
2021-02-03,0.02,5.3423,152.16,19.86,-0.005023,8.57,0.009379,55.0,0.031022
2021-02-04,0.02,5.391,149.16,19.78,-0.004036,8.54,-0.003507,54.31,-0.012625
2021-02-05,0.02,5.3884,147.62,19.7,-0.004053,8.54,0.0,56.37,0.037229
2021-02-08,0.02,5.367,149.03,19.33,-0.01896,8.33,-0.024898,57.18,0.014267
2021-02-09,0.02,5.4216,155.61,19.56,0.011828,8.16,-0.020619,57.32,0.002445
2021-02-10,0.02,5.4024,154.98,19.42,-0.007183,8.24,0.009756,57.6,0.004873
2021-02-11,0.02,5.3626,152.98,19.42,0.0,8.32,0.009662,56.62,-0.01716
2021-02-12,0.02,5.3815,152.8,19.47,0.002571,8.43,0.013135,57.1,0.008442
2021-02-17,0.02,5.4138,157.59,19.72,0.012759,8.77,0.03954,58.6,0.025931
2021-02-18,0.02,5.4238,158.82,19.58,-0.007125,8.67,-0.011468,59.24,0.010862
2021-02-19,0.02,5.3924,162.07,19.37,-0.010783,8.1,-0.068005,59.46,0.003707
2021-02-22,0.02,5.5044,180.89,17.96,-0.075578,6.42,-0.232446,57.99,-0.025033
2021-02-23,0.02,5.449,175.63,19.11,0.062065,7.13,0.104893,58.97,0.016758
2021-02-24,0.02,5.4182,170.73,18.83,-0.01476,7.23,0.013928,59.56,0.009955
2021-02-25,0.02,5.46,185.01,18.24,-0.031834,6.87,-0.051075,58.21,-0.022927
2021-02-26,0.02,5.5302,193.87,18.02,-0.012135,6.59,-0.041611,57.49,-0.012446
2021-03-01,0.02,5.5832,183.74,17.48,-0.030425,6.52,-0.010679,59.95,0.0419
2021-03-02,0.02,5.6844,192.99,18.19,0.039815,6.51,-0.001535,61.79,0.030231
2021-03-03,0.02,5.7342,191.41,18.23,0.002197,6.28,-0.035969,61.03,-0.012376
2021-03-04,0.02,5.6008,193.69,18.8,0.030788,6.58,0.046665,60.13,-0.014857
2021-03-05,0.02,5.687,194.22,19.5,0.036558,6.63,0.00757,63.69,0.057519
2021-03-08,0.02,5.7343,212.29,18.88,-0.032311,6.25,-0.059023,63.35,-0.005353
2021-03-09,0.02,5.8397,211.61,19.14,0.013677,6.4,0.023717,62.72,-0.009995
2021-03-10,0.02,5.7449,208.78,19.28,0.007288,6.62,0.033797,61.75,-0.015586
2021-03-11,0.02,5.589,195.99,19.31,0.001555,6.9,0.041426,63.37,0.025897
2021-03-12,0.02,5.564,198.6,19.18,-0.006755,6.86,-0.005814,61.91,-0.023309
2021-03-15,0.02,5.6296,200.18,19.41,0.01192,7.01,0.02163,61.54,-0.005994
2021-03-16,0.02,5.5851,198.0,19.02,-0.020297,6.9,-0.015816,61.34,-0.003255
2021-03-17,0.02,5.6579,193.84,19.76,0.038169,7.13,0.03279,62.23,0.014405
2021-03-18,0.0275,5.5474,195.06,19.87,0.005551,6.88,-0.035693,61.12,-0.017998
2021-03-19,0.0275,5.5082,190.08,19.91,0.002011,7.11,0.032884,60.24,-0.014503
2021-03-22,0.0275,5.5269,196.62,20.02,0.00551,6.97,-0.019887,59.24,-0.01674
2021-03-23,0.0275,5.4951,203.1,19.52,-0.025292,6.75,-0.032073,57.88,-0.023225
2021-03-24,0.0275,5.533,207.98,19.18,-0.017572,6.76,0.00148,59.21,0.022719
2021-03-25,0.0275,5.6585,216.54,19.52,0.017572,6.87,0.016141,58.76,-0.007629
2021-03-26,0.0275,5.7042,218.24,19.85,0.016764,6.95,0.011578,60.72,0.032812
2021-03-29,0.0275,5.7925,225.06,19.84,-0.000504,7.06,0.015703,62.28,0.025367
2021-03-30,0.0275,5.7642,228.15,20.17,0.016496,7.06,0.0,61.7,-0.009356
2021-03-31,0.0275,5.6973,221.5,19.78,-0.019525,7.14,0.011268,62.27,0.009196
2021-04-01,0.0275,5.6849,220.8,19.17,-0.031325,7.08,-0.008439,61.9,-0.00596
2021-04-05,0.0275,5.6579,220.96,19.42,0.012957,7.12,0.005634,65.72,0.059883
2021-04-06,0.0275,5.6263,216.3,19.2,-0.011393,7.12,0.0,64.86,-0.013172
2021-04-07,0.0275,5.5864,220.98,19.03,-0.008894,7.11,-0.001405,66.46,0.024369
2021-04-08,0.0275,5.5817,218.14,18.88,-0.007914,7.02,-0.012739,66.42,-0.000602
2021-04-09,0.0275,5.6445,218.7,18.85,-0.00159,7.01,-0.001426,65.47,-0.014406
2021-04-12,0.0275,5.6582,219.16,19.32,0.024628,7.08,0.009936,65.72,0.003811
2021-04-13,0.0275,5.7064,216.86,19.31,-0.000518,7.1,0.002821,65.84,0.001824
2021-04-14,0.0275,5.6936,214.27,19.56,0.012864,7.21,0.015374,68.01,0.032427
2021-04-15,0.0275,5.6234,206.47,19.56,0.0,7.07,-0.019608,68.78,0.011258
2021-04-16,0.0275,5.6328,199.09,19.78,0.011185,7.03,-0.005674,69.07,0.004207
2021-04-19,0.0275,5.575,194.66,19.48,-0.015283,7.43,0.055339,68.47,-0.008725
2021-04-20,0.0275,5.5266,197.13,19.38,-0.005147,7.29,-0.019022,67.48,-0.014564
2021-04-22,0.0275,5.497,191.54,19.39,0.000516,7.26,-0.004124,67.52,0.000593
2021-04-23,0.0275,5.4787,188.63,19.48,0.004631,7.25,-0.001378,68.64,0.016452
2021-04-26,0.0275,5.4566,189.79,19.46,-0.001027,7.28,0.004129,69.01,0.005376
2021-04-27,0.0275,5.4424,192.97,19.17,-0.015015,7.07,-0.02927,69.99,0.014101
2021-04-28,0.0275,5.4005,191.51,20.0,0.042386,7.33,0.036115,71.14,0.016297
2021-04-29,0.0275,5.3662,188.89,19.37,-0.032007,7.23,-0.013736,71.16,0.000281
2021-04-30,0.0275,5.4036,189.56,19.52,0.007714,7.23,0.0,69.29,-0.02663
2021-05-03,0.0275,5.4087,190.78,19.79,0.013737,7.17,-0.008333,68.94,-0.005064
2021-05-04,0.0275,5.4505,192.77,18.95,-0.043373,7.01,-0.022568,69.98,0.014973
2021-05-05,0.0275,5.3872,190.11,19.49,0.028098,7.3,0.040537,70.37,0.005558
2021-05-06,0.035,5.2897,183.39,19.37,-0.006176,7.2,-0.013793,73.13,0.038472
2021-05-07,0.035,5.2217,174.98,19.6,0.011804,7.47,0.036814,73.38,0.003413
2021-05-10,0.035,5.2227,171.28,19.89,0.014688,7.56,0.011976,72.9,-0.006563
2021-05-11,0.035,5.2403,173.38,19.85,-0.002013,7.7,0.018349,75.46,0.034514
2021-05-12,0.035,5.2353,177.79,19.56,-0.014717,7.59,-0.014389,72.67,-0.037674
2021-05-13,0.035,5.2815,176.66,20.13,0.028725,7.65,0.007874,71.5,-0.016231
2021-05-14,0.035,5.2701,174.44,20.57,0.021622,8.05,0.050966,70.27,-0.017352
2021-05-17,0.035,5.2755,175.88,20.56,-0.000486,8.16,0.013572,72.12,0.025986
2021-05-18,0.035,5.2588,178.01,20.52,-0.001947,8.07,-0.011091,72.84,0.009934
2021-05-19,0.035,5.2822,180.21,20.66,0.006799,8.01,-0.007463,71.35,-0.020668
2021-05-20,0.035,5.2905,176.42,20.78,0.005792,7.94,-0.008777,70.62,-0.010284
2021-05-21,0.035,5.3027,177.11,20.88,0.004801,7.95,0.001259,69.54,-0.015411
2021-05-24,0.035,5.3198,176.49,20.82,-0.002878,8.08,0.01622,69.78,0.003445
2021-05-25,0.035,5.3143,176.09,20.61,-0.010138,7.91,-0.021264,68.04,-0.025252
2021-05-26,0.035,5.3164,174.43,20.89,0.013494,7.99,0.010063,70.04,0.028971
2021-05-27,0.035,5.284,171.6,20.71,-0.008654,7.93,-0.007538,70.55,0.007255
2021-05-28,0.035,5.2281,170.79,21.05,0.016284,8.26,0.040772,70.93,0.005372
2021-05-31,0.035,5.2322,170.81,20.99,-0.002854,8.23,-0.003639,72.96,0.028218
2021-06-01,0.035,5.1636,166.96,21.75,0.035568,8.36,0.015672,71.95,-0.01394
2021-06-02,0.035,5.1147,163.22,22.48,0.033012,8.53,0.020131,72.97,0.014077
2021-06-04,0.035,5.0666,162.23,22.95,0.020692,8.73,0.023176,71.76,-0.016721
2021-06-07,0.035,5.0498,161.74,23.49,0.023257,8.66,-0.008051,71.06,-0.009803
2021-06-08,0.035,5.0489,160.86,23.33,-0.006835,8.78,0.013762,69.87,-0.016888
2021-06-09,0.035,5.0533,159.33,23.65,0.013623,8.78,0.0,71.32,0.02054
2021-06-10,0.035,5.0635,158.91,23.56,-0.003813,8.78,0.0,71.08,-0.003371
2021-06-11,0.035,5.119,158.89,23.28,-0.011956,8.75,-0.003423,72.68,0.02226
2021-06-14,0.035,5.0707,161.35,23.2,-0.003442,8.8,0.005698,72.28,-0.005519
2021-06-15,0.035,5.0874,161.91,23.2,0.0,8.89,0.010175,70.87,-0.0197
2021-06-16,0.035,5.0207,163.38,23.67,0.020056,8.92,0.003369,68.74,-0.030516
2021-06-17,0.0425,5.0359,163.41,23.39,-0.0119,8.61,-0.035372,67.31,-0.021022
2021-06-18,0.0425,5.0314,166.21,22.96,-0.018555,8.67,0.006944,69.34,0.029713
2021-06-21,0.0425,5.0373,164.83,23.07,0.00478,8.86,0.021678,69.99,0.00933
2021-06-22,0.0425,5.0178,163.97,22.77,-0.013089,8.91,0.005627,70.81,0.011648
2021-06-23,0.0425,4.9519,161.74,22.61,-0.007052,8.97,0.006711,71.87,0.014859
2021-06-24,0.0425,4.9277,159.04,22.61,0.0,9.08,0.012189,71.97,0.00139
2021-06-25,0.0425,4.9206,157.19,21.9,-0.031906,8.91,-0.0189,72.85,0.012153
2021-06-28,0.0425,4.942,157.82,21.65,-0.011481,8.9,-0.001123,71.69,-0.016051
2021-06-29,0.0425,4.945,159.59,21.43,-0.010214,8.94,0.004484,72.92,0.017012
2021-06-30,0.0425,5.0022,164.47,21.19,-0.011262,9.01,0.007799,73.4,0.006561
2021-07-01,0.0425,5.0055,165.52,21.12,-0.003309,8.9,-0.012284,72.13,-0.017454
2021-07-02,0.0425,5.0293,164.28,21.35,0.010831,8.94,0.004484,73.62,0.020447
2021-07-05,0.0425,5.0749,164.31,21.05,-0.014151,8.83,-0.012381,73.35,-0.003674
2021-07-06,0.0425,5.1645,168.01,21.02,-0.001426,8.47,-0.041625,73.74,0.005303
2021-07-07,0.0425,5.2328,169.65,21.11,0.004272,8.59,0.014068,73.95,0.002844
2021-07-08,0.0425,5.2587,173.65,20.83,-0.013353,8.42,-0.019989,73.67,-0.003794
2021-07-12,0.0425,5.2239,172.62,21.12,0.013826,8.49,0.008279,74.58,0.012277
2021-07-13,0.0425,5.177,175.9,21.25,0.006136,8.54,0.005872,75.02,0.005882
2021-07-14,0.0425,5.088,171.63,21.27,0.000941,8.47,-0.00823,74.62,-0.005346
2021-07-15,0.0425,5.1,173.37,21.02,-0.011823,8.29,-0.021481,74.85,0.003078
2021-07-16,0.0425,5.0941,173.17,20.68,-0.016307,8.17,-0.014581,73.5,-0.018201
2021-07-19,0.0425,5.1978,178.21,20.56,-0.00582,8.04,-0.01604,72.7,-0.010944
2021-07-20,0.0425,5.2465,174.67,20.83,0.013047,8.14,0.012361,73.31,0.008356
2021-07-21,0.0425,5.2516,172.49,20.91,0.003833,8.26,0.014634,74.15,0.011393
2021-07-22,0.0425,5.1978,172.53,20.7,-0.010094,8.24,-0.002424,74.34,0.002559
2021-07-23,0.0425,5.1701,171.54,20.64,-0.002903,8.19,-0.006086,73.97,-0.00499
2021-07-26,0.0425,5.1863,172.42,21.0,0.017291,8.41,0.026508,75.58,0.021532
2021-07-27,0.0425,5.1669,175.18,21.21,0.00995,8.31,-0.011962,74.01,-0.020991
2021-07-28,0.0425,5.1527,174.65,21.9,0.032014,8.49,0.021429,76.03,0.026928
2021-07-29,0.0425,5.0682,171.45,21.79,-0.005035,8.52,0.003527,74.91,-0.014841
2021-07-30,0.0425,5.1216,174.64,21.55,-0.011075,8.24,-0.033416,70.49,-0.060817
2021-08-02,0.0425,5.1379,175.79,21.68,0.006014,8.09,-0.018372,70.6,0.001559
2021-08-03,0.0425,5.2464,176.77,21.9,0.010096,8.22,0.015941,73.01,0.033566
2021-08-04,0.0425,5.2091,177.58,21.29,-0.028249,8.05,-0.020898,72.93,-0.001096
2021-08-05,0.0525,5.1464,179.82,21.35,0.002814,8.68,0.075349,70.7,-0.031055
2021-08-06,0.0525,5.241,181.23,21.95,0.027715,8.69,0.001151,71.1,0.005642
2021-08-09,0.0525,5.2774,183.07,22.2,0.011325,8.63,-0.006928,70.66,-0.006208
2021-08-10,0.0525,5.2217,183.69,21.78,-0.0191,8.66,0.00347,71.34,0.009578
2021-08-11,0.0525,5.2013,181.89,22.03,0.011413,8.78,0.013762,70.82,-0.007316
2021-08-12,0.0525,5.2351,178.02,21.61,-0.019249,8.91,0.014698,70.78,-0.000565
2021-08-13,0.0525,5.2474,177.42,21.9,0.01333,8.99,0.008939,70.2,-0.008228
2021-08-16,0.0525,5.2495,178.34,21.66,-0.011019,8.77,-0.024776,70.52,0.004548
2021-08-17,0.0525,5.2585,180.91,21.59,-0.003237,8.77,0.0,69.35,-0.01673
2021-08-18,0.0525,5.3025,184.05,21.63,0.001851,8.69,-0.009164,67.03,-0.034026
2021-08-19,0.0525,5.418,188.2,21.35,-0.01303,8.64,-0.00577,63.2,-0.058836
2021-08-20,0.0525,5.4274,188.03,21.27,-0.003754,8.63,-0.001158,63.23,0.000475
2021-08-23,0.0525,5.3686,186.29,21.5,0.010755,8.77,0.016092,62.35,-0.014015
2021-08-24,0.0525,5.3017,182.76,22.1,0.027525,8.95,0.020317,64.63,0.035915
2021-08-25,0.0525,5.2465,179.95,22.13,0.001357,9.0,0.005571,64.49,-0.002169
2021-08-26,0.0525,5.2429,179.74,21.59,-0.024704,8.92,-0.008929,63.67,-0.012797
2021-08-27,0.0525,5.22,175.64,21.96,0.016992,9.24,0.035246,65.26,0.024666
2021-08-30,0.0525,5.1952,172.98,21.81,-0.006854,9.18,-0.006515,64.85,-0.006302
2021-08-31,0.0525,5.1433,174.68,22.09,0.012756,8.82,-0.040005,63.96,-0.013819
2021-09-01,0.0525,5.1576,175.31,22.19,0.004517,8.77,-0.005685,64.07,0.001718
2021-09-02,0.0525,5.1735,173.9,21.39,-0.036718,8.63,-0.016092,63.87,-0.003126
2021-09-03,0.0525,5.1685,173.6,21.27,-0.005626,8.54,-0.010483,63.91,0.000626
2021-09-06,0.0525,5.1773,173.6,21.54,0.012614,8.58,0.004673,62.91,-0.015771
2021-09-08,0.0525,5.2524,178.45,20.52,-0.048512,8.1,-0.05757,61.6,-0.021043
2021-09-09,0.0525,5.2825,180.46,20.79,0.013072,8.27,0.02077,61.38,-0.003578
2021-09-10,0.0525,5.2158,176.39,20.58,-0.010152,8.22,-0.006064,61.45,0.00114
2021-09-13,0.0525,5.219,177.01,20.84,0.012554,8.51,0.034672,61.42,-0.000488
2021-09-14,0.0525,5.226,177.47,20.71,-0.006258,8.4,-0.01301,60.99,-0.007026
2021-09-15,0.0525,5.2576,176.88,20.37,-0.016553,8.54,0.016529,59.46,-0.025406
2021-09-16,0.0525,5.2594,177.52,20.36,-0.000491,8.47,-0.00823,56.99,-0.042428
2021-09-17,0.0525,5.3103,178.41,19.87,-0.024361,8.09,-0.045902,55.84,-0.020385
2021-09-20,0.0525,5.3332,196.7,19.42,-0.022908,8.0,-0.011187,53.64,-0.040195
2021-09-21,0.0525,5.3044,194.64,19.37,-0.002578,8.18,0.022251,54.52,0.016273
2021-09-22,0.0525,5.2783,193.08,19.82,0.022966,8.39,0.025348,56.46,0.034965
2021-09-23,0.0625,5.2891,192.07,20.51,0.034221,8.71,0.037431,56.46,0.0
2021-09-24,0.0625,5.3435,197.22,20.22,-0.01424,8.73,0.002294,55.59,-0.015529
2021-09-27,0.0625,5.3478,199.7,20.75,0.025874,8.81,0.009122,56.38,0.014111
2021-09-28,0.0625,5.4206,204.67,20.28,-0.022911,8.75,-0.006834,53.55,-0.051499
2021-09-29,0.0625,5.4173,203.1,20.65,0.01808,8.89,0.015873,54.23,0.012618
2021-09-30,0.0625,5.4394,203.0,20.67,0.000968,8.83,-0.006772,54.55,0.005883
2021-10-01,0.0625,5.3911,201.16,21.21,0.025789,9.08,0.027919,54.52,-0.00055
2021-10-04,0.0625,5.4204,205.54,17.4,-0.198003,9.34,0.028232,54.01,-0.009398
2021-10-05,0.0625,5.4611,204.71,17.82,0.023851,9.55,0.022235,53.63,-0.007061
2021-10-06,0.0625,5.5097,205.82,17.88,0.003361,9.29,-0.027603,55.14,0.027767
2021-10-07,0.0625,5.514,202.0,17.5,-0.021482,9.28,-0.001077,56.78,0.029309
2021-10-08,0.0625,5.5084,203.26,17.63,0.007401,9.45,0.018153,57.13,0.006145
2021-10-11,0.0625,5.5161,203.27,17.32,-0.01774,9.51,0.006329,58.4,0.021987
2021-10-13,0.0625,5.5471,207.7,17.34,0.001154,9.61,0.01046,56.67,-0.030071
2021-10-14,0.0625,5.4988,201.53,17.25,-0.005204,9.63,0.002079,56.67,0.0
2021-10-15,0.0625,5.451,200.05,17.7,0.025752,9.6,-0.00312,57.73,0.018532
2021-10-18,0.0625,5.5193,202.32,17.82,0.006757,9.56,-0.004175,57.18,-0.009573
2021-10-19,0.0625,5.5521,207.86,17.4,-0.023851,9.09,-0.050413,56.52,-0.01161
2021-10-20,0.0625,5.5571,210.71,17.86,0.026093,9.25,0.017449,54.86,-0.02981
2021-10-21,0.0625,5.6423,223.73,17.5,-0.020363,8.91,-0.037449,53.78,-0.019883
2021-10-22,0.0625,5.7117,235.9,16.83,-0.039038,8.82,-0.010152,54.43,0.012014
2021-10-25,0.0625,5.5973,224.29,17.15,0.018835,9.42,0.065813,55.09,0.012053
2021-10-26,0.0625,5.58,224.06,16.97,-0.010551,9.33,-0.0096,54.51,-0.010584
2021-10-27,0.0625,5.5667,226.61,17.1,0.007631,9.31,-0.002146,53.27,-0.023011
2021-10-28,0.0775,5.6124,231.88,17.06,-0.002342,9.4,0.009621,52.73,-0.010189
2021-10-29,0.0775,5.643,244.17,16.66,-0.023726,8.81,-0.064822,51.24,-0.028664
2021-11-01,0.0775,5.6694,248.54,17.32,0.038851,9.08,0.030187,51.74,0.009711
2021-11-03,0.0775,5.6672,247.93,17.49,0.009767,8.71,-0.041602,47.82,-0.078787
2021-11-04,0.0775,5.5942,237.68,16.57,-0.054035,8.44,-0.031489,47.27,-0.011568
2021-11-05,0.0775,5.5455,233.18,16.37,-0.012143,8.39,-0.005942,45.87,-0.030065
2021-11-08,0.0775,5.5627,232.54,16.28,-0.005513,8.47,0.00949,48.37,0.053068
2021-11-09,0.0775,5.4957,231.1,16.12,-0.009877,8.64,0.019872,47.18,-0.02491
2021-11-10,0.0775,5.459,234.08,16.52,0.024511,8.58,-0.006969,47.0,-0.003822
2021-11-11,0.0775,5.4171,233.95,16.49,-0.001818,8.58,0.0,48.66,0.03471
2021-11-12,0.0775,5.4199,232.39,16.45,-0.002429,8.76,0.020762,48.87,0.004306
2021-11-16,0.0775,5.4772,234.88,16.28,-0.010388,8.85,0.010222,47.46,-0.029276
2021-11-17,0.0775,5.4993,236.21,16.34,0.003679,8.62,-0.026332,46.51,-0.02022
2021-11-18,0.0775,5.547,234.93,16.07,-0.016662,8.61,-0.001161,44.6,-0.041933
2021-11-19,0.0775,5.5584,234.7,15.94,-0.008123,8.47,-0.016394,45.81,0.026769
2021-11-22,0.0775,5.5841,238.56,15.98,0.002506,8.55,0.009401,48.36,0.054171
2021-11-23,0.0775,5.6456,243.37,16.24,0.016139,9.02,0.053513,49.63,0.025922
2021-11-24,0.0775,5.6027,245.42,16.68,0.026733,9.2,0.019759,50.79,0.023104
2021-11-25,0.0775,5.574,245.43,16.83,0.008953,9.61,0.043601,50.44,-0.006915
2021-11-26,0.0775,5.5865,263.45,16.51,-0.019197,9.24,-0.039262,49.11,-0.026722
2021-11-29,0.0775,5.6118,253.52,16.4,-0.006685,9.56,0.034046,49.73,0.012546
2021-11-30,0.0775,5.6199,254.26,16.2,-0.01227,9.55,-0.001047,50.05,0.006414
2021-12-01,0.0775,5.6168,245.26,16.1,-0.006192,9.6,0.005222,50.25,0.003988
2021-12-02,0.0775,5.6345,235.08,16.71,0.037188,10.34,0.074257,52.58,0.045325
2021-12-03,0.0775,5.6432,234.14,16.65,-0.003597,10.48,0.013449,51.42,-0.022309
2021-12-06,0.0775,5.6877,229.76,16.84,0.011347,10.53,0.00476,54.21,0.052838
2021-12-07,0.0775,5.6411,217.88,16.63,-0.012549,10.7,0.016015,54.61,0.007352
2021-12-08,0.0775,5.5779,212.52,16.47,-0.009668,10.7,0.0,54.21,-0.007352
2021-12-09,0.0925,5.5564,218.58,16.03,-0.027079,10.68,-0.001871,53.79,-0.007778
2021-12-10,0.0925,5.5931,218.19,16.05,0.001247,10.81,0.012099,54.13,0.006301
2021-12-13,0.0925,5.6357,219.38,15.63,-0.026517,10.74,-0.006497,55.71,0.028771
2021-12-14,0.0925,5.6461,220.79,15.78,0.009551,10.61,-0.012178,55.7,-0.00018
2021-12-15,0.0925,5.7127,218.92,15.73,-0.003174,10.68,0.006576,55.39,-0.005581
2021-12-16,0.0925,5.6963,218.52,15.89,0.01012,10.82,0.013023,57.55,0.038255
2021-12-17,0.0925,5.6959,221.2,15.54,-0.022273,10.57,-0.023376,56.65,-0.015762
2021-12-20,0.0925,5.7055,223.04,15.3,-0.015565,10.26,-0.029767,56.01,-0.011362
2021-12-21,0.0925,5.7372,217.97,15.32,0.001306,10.28,0.001947,57.48,0.025907
2021-12-22,0.0925,5.7201,215.4,15.38,0.003909,10.26,-0.001947,57.18,-0.005233
2021-12-23,0.0925,5.691,209.06,15.46,0.005188,10.33,0.006799,56.63,-0.009665
2021-12-27,0.0925,5.665,205.91,15.62,0.010296,10.48,0.014416,56.49,-0.002475
2021-12-28,0.0925,5.6438,205.15,15.56,-0.003849,10.49,0.000954,55.13,-0.02437
2021-12-29,0.0925,5.6619,204.28,15.43,-0.00839,10.4,-0.008617,55.27,0.002536
2021-12-30,0.0925,5.5805,203.99,15.18,-0.016335,10.37,-0.002889,55.78,0.009185
2022-01-03,0.0925,5.6309,201.5,15.6,0.027292,10.6,0.021937,55.81,0.000538
2022-01-04,0.0925,5.6776,199.75,16.04,0.027815,10.64,0.003766,55.15,-0.011896
2022-01-05,0.0925,5.6628,202.46,15.73,-0.019516,10.23,-0.039296,55.67,0.009385
2022-01-06,0.0925,5.7042,209.47,16.05,0.020139,10.22,-0.000978,56.8,0.020095
2022-01-07,0.0925,5.6753,209.45,16.41,0.022182,10.27,0.00488,60.1,0.056474
2022-01-10,0.0925,5.6736,210.34,16.56,0.009099,10.21,-0.005859,59.39,-0.011884
2022-01-11,0.0925,5.6351,211.35,16.93,0.022097,10.51,0.02896,60.52,0.018848
2022-01-12,0.0925,5.5611,208.27,16.86,-0.004143,10.83,0.029993,61.17,0.010683
2022-01-13,0.0925,5.5246,208.31,17.17,0.01822,11.05,0.02011,60.24,-0.01532
2022-01-14,0.0925,5.5349,217.0,17.04,-0.0076,11.46,0.036432,60.59,0.005793
2022-01-17,0.0925,5.5058,220.24,17.04,0.0,11.48,0.001744,60.28,-0.005129
2022-01-18,0.0925,5.5213,220.25,17.14,0.005851,11.53,0.004346,61.75,0.024094
2022-01-19,0.0925,5.4978,224.21,17.02,-0.007026,11.48,-0.004346,63.11,0.021785
2022-01-20,0.0925,5.4166,220.24,16.89,-0.007667,11.56,0.006944,62.04,-0.0171
2022-01-21,0.0925,5.4401,224.21,16.89,0.0,11.58,0.001729,60.75,-0.021012
2022-01-24,0.0925,5.491,217.96,16.87,-0.001185,11.65,0.006027,60.01,-0.012256
2022-01-25,0.0925,5.4971,220.93,17.48,0.03552,12.02,0.031266,60.14,0.002164
2022-01-26,0.0925,5.4324,222.06,17.67,0.010811,12.34,0.026274,60.32,0.002989
2022-01-27,0.0925,5.3812,223.35,17.76,0.00508,12.35,0.00081,60.45,0.002153
2022-01-28,0.0925,5.3954,226.01,17.97,0.011755,11.86,-0.040485,59.86,-0.009808
2022-01-31,0.0925,5.3574,226.81,18.37,0.022015,11.79,-0.00592,57.86,-0.033982
2022-02-01,0.0925,5.281,224.0,18.5,0.007052,12.03,0.020152,61.04,0.053503
2022-02-02,0.0925,5.2956,215.2,18.21,-0.0158,11.85,-0.015076,61.38,0.005555
2022-02-03,0.1075,5.3025,212.23,18.42,0.011466,11.69,-0.013594,61.35,-0.000489
2022-02-04,0.1075,5.3284,217.37,18.47,0.002711,11.89,0.016964,62.96,0.025904
2022-02-07,0.1075,5.2913,220.48,18.37,-0.005429,11.72,-0.014401,64.49,0.024011
2022-02-08,0.1075,5.2699,220.11,18.58,0.011367,11.6,-0.010292,65.39,0.013859
2022-02-09,0.1075,5.2735,219.27,17.83,-0.041203,11.65,0.004301,65.4,0.000153
2022-02-10,0.1075,5.2101,214.3,18.18,0.01944,11.82,0.014487,67.16,0.026556
2022-02-11,0.1075,5.1987,221.61,19.25,0.057189,12.3,0.039806,65.8,-0.020458
2022-02-14,0.1075,5.2106,228.49,19.21,-0.00208,12.03,-0.022196,65.52,-0.004264
2022-02-15,0.1075,5.1881,227.19,19.39,0.009326,11.84,-0.01592,63.57,-0.030214
2022-02-16,0.1075,5.163,222.06,19.18,-0.010889,12.0,0.013423,64.04,0.007366
2022-02-17,0.1075,5.1565,217.99,18.92,-0.013649,11.95,-0.004175,61.28,-0.044054
2022-02-18,0.1075,5.1339,221.91,18.99,0.003693,12.03,0.006672,61.41,0.002119
2022-02-21,0.1075,5.0997,224.87,18.52,-0.025061,12.34,0.025442,61.46,0.000814
2022-02-22,0.1075,5.0611,224.92,18.69,0.009137,12.3,-0.003247,62.53,0.01726
2022-02-23,0.1075,5.0143,224.19,18.43,-0.014009,12.47,0.013726,61.87,-0.010611
2022-02-24,0.1075,5.1174,228.09,18.12,-0.016963,12.17,-0.024352,62.63,0.012209
2022-02-25,0.1075,5.1394,223.94,18.49,0.020214,12.39,0.017916,66.03,0.052865
2022-03-02,0.1075,5.1347,224.39,18.18,-0.016908,12.64,0.019977,71.3,0.076787
2022-03-03,0.1075,5.0479,221.58,18.2,0.0011,12.48,-0.012739,71.33,0.000421
2022-03-04,0.1075,5.0758,218.08,17.92,-0.015504,12.48,0.0,72.96,0.022594
2022-03-07,0.1075,5.0579,224.74,17.54,-0.021433,11.59,-0.073985,75.18,0.029974
2022-03-08,0.1075,5.0903,230.89,17.37,-0.009739,11.83,0.020496,71.88,-0.044887
2022-03-09,0.1075,5.0094,225.06,18.23,0.048324,11.87,0.003376,69.98,-0.026789
2022-03-10,0.1075,5.0513,216.28,18.25,0.001096,12.28,0.033958,72.29,0.032476
2022-03-11,0.1075,5.0255,216.24,18.05,-0.011019,11.84,-0.036488,71.91,-0.00527
2022-03-14,0.1075,5.0647,223.05,18.3,0.013755,11.62,-0.018756,68.06,-0.055026
2022-03-15,0.1075,5.1314,222.37,18.23,-0.003832,11.34,-0.024391,66.1,-0.029221
2022-03-16,0.1075,5.1287,218.46,18.59,0.019555,11.24,-0.008857,67.71,0.024065
2022-03-17,0.1175,5.0764,206.59,19.0,0.021815,10.94,-0.027053,70.06,0.034118
2022-03-18,0.1175,5.0411,201.49,19.14,0.007341,11.16,0.01991,71.39,0.018806
2022-03-21,0.1175,4.9666,201.5,19.61,0.024259,11.58,0.036944,73.42,0.028039
2022-03-22,0.1175,4.9208,218.07,19.88,0.013675,11.52,-0.005195,71.77,-0.02273
2022-03-23,0.1175,4.8704,214.81,19.79,-0.004537,11.68,0.013793,71.66,-0.001534
2022-03-24,0.1175,4.8067,218.31,19.92,0.006547,11.82,0.011915,72.0,0.004733
2022-03-25,0.1175,4.7782,213.89,19.96,0.002006,11.77,-0.004239,70.76,-0.017372
2022-03-28,0.1175,4.7905,211.25,19.94,-0.001003,11.52,-0.021469,70.84,0.00113
2022-03-29,0.1175,4.7486,207.96,20.17,0.011469,11.77,0.021469,70.23,-0.008648
2022-03-30,0.1175,4.7497,201.03,20.22,0.002476,12.02,0.021018,71.23,0.014139
2022-03-31,0.1175,4.7378,203.83,19.96,-0.012942,12.19,0.014044,71.03,-0.002812
2022-04-01,0.1175,4.6984,205.95,20.02,0.003002,12.03,-0.013212,72.04,0.014119
2022-04-04,0.1175,4.6175,204.3,19.84,-0.009032,11.92,-0.009186,72.77,0.010082
2022-04-05,0.1175,4.64,200.76,19.44,-0.020367,11.81,-0.009271,70.67,-0.029283
2022-04-06,0.1175,4.6967,204.13,19.43,-0.000515,11.79,-0.001695,71.74,0.015027
2022-04-07,0.1175,4.7422,206.65,19.42,-0.000515,12.41,0.051251,72.17,0.005976
2022-04-08,0.1175,4.7513,209.63,19.38,-0.002062,12.47,0.004823,70.7,-0.020579
2022-04-11,0.1175,4.7025,212.81,19.31,-0.003619,12.37,-0.008052,69.84,-0.012239
2022-04-12,0.1175,4.6483,218.48,18.97,-0.017764,12.34,-0.002428,69.37,-0.006752
2022-04-13,0.1175,4.6811,217.17,19.02,0.002632,12.6,0.020851,69.4,0.000432
2022-04-14,0.1175,4.7158,214.47,19.14,0.006289,12.47,-0.010371,68.42,-0.014222
2022-04-18,0.1175,4.6746,216.49,19.25,0.005731,12.25,-0.0178,67.29,-0.016654
2022-04-19,0.1175,4.6664,217.11,18.91,-0.01782,12.62,0.029757,65.15,-0.032319
2022-04-20,0.1175,4.6397,212.01,19.03,0.006326,12.68,0.004743,63.45,-0.02644
2022-04-22,0.1175,4.7326,213.86,18.66,-0.019634,12.19,-0.03941,59.77,-0.059748
2022-04-25,0.1175,4.8818,220.38,18.59,-0.003758,12.01,-0.014876,58.76,-0.017043
2022-04-26,0.1175,4.9666,219.19,17.96,-0.034477,11.99,-0.001667,57.95,-0.013881
2022-04-27,0.1175,5.0167,225.88,17.81,-0.008387,11.99,0.0,61.05,0.052113
2022-04-28,0.1175,5.011,222.62,17.66,-0.008458,12.07,0.00665,62.56,0.024433
2022-04-29,0.1175,4.9191,219.08,17.35,-0.01771,12.07,0.0,61.88,-0.010929
2022-05-02,0.1175,5.0266,229.56,17.28,-0.004043,11.95,-0.009992,61.61,-0.004373
2022-05-03,0.1175,5.0167,232.24,17.37,0.005195,12.06,0.009163,61.3,-0.005044
2022-05-04,0.1175,5.0093,228.25,17.34,-0.001729,12.79,0.058769,60.78,-0.008519
2022-05-05,0.1275,5.0051,221.04,16.94,-0.023338,12.76,-0.002348,59.68,-0.018264
2022-05-06,0.1275,5.075,221.04,17.31,0.021607,13.18,0.032385,59.26,-0.007062
2022-05-09,0.1275,5.134,234.2,17.06,-0.014548,12.82,-0.027694,56.83,-0.04187
2022-05-10,0.1275,5.139,244.26,16.97,-0.005289,12.93,0.008544,56.13,-0.012394
2022-05-11,0.1275,5.1244,241.79,17.54,0.033037,13.39,0.034958,58.47,0.040843
2022-05-12,0.1275,5.1482,241.79,17.82,0.015837,13.49,0.007441,57.88,-0.010142
2022-05-13,0.1275,5.1075,242.39,18.03,0.011716,13.66,0.012523,57.81,-0.00121
2022-05-16,0.1275,5.0666,238.05,18.22,0.010483,13.8,0.010197,59.54,0.029487
2022-05-17,0.1275,4.9676,239.68,18.38,0.008743,13.62,-0.013129,59.29,-0.004208
2022-05-18,0.1275,4.9592,236.45,18.11,-0.014799,13.4,-0.016285,57.79,-0.025625
2022-05-19,0.1275,4.9198,244.6,18.06,-0.002765,13.62,0.016285,59.33,0.026299
2022-05-20,0.1275,4.8777,245.55,18.28,0.012108,13.89,0.01963,60.38,0.017543
2022-05-23,0.1275,4.7973,246.59,18.75,0.025386,14.43,0.03814,61.61,0.020166
2022-05-24,0.1275,4.8106,239.12,19.04,0.015348,14.04,-0.027399,62.44,0.013382
2022-05-25,0.1275,4.8359,238.49,18.7,-0.018019,14.24,0.014145,62.63,0.003038
2022-05-26,0.1275,4.7967,227.08,18.93,0.012224,14.28,0.002805,62.6,-0.000479
2022-05-27,0.1275,4.7434,222.22,19.03,0.005269,13.6,-0.04879,63.69,0.017262
2022-05-30,0.1275,4.7216,220.28,18.86,-0.008973,13.33,-0.020053,64.38,0.010775
2022-05-31,0.1275,4.7289,220.51,19.03,0.008973,13.36,0.002248,64.05,-0.005139
2022-06-01,0.1275,4.7765,222.37,18.77,-0.013757,13.34,-0.001498,65.56,0.023302
2022-06-02,0.1275,4.7879,222.55,18.85,0.004253,13.22,-0.009036,66.8,0.018737
2022-06-03,0.1275,4.7956,225.17,18.67,-0.009595,13.45,0.017248,65.73,-0.016148
2022-06-06,0.1275,4.7839,229.19,18.61,-0.003219,13.46,0.000743,65.79,0.000912
2022-06-07,0.1275,4.8909,235.24,18.61,0.0,13.62,0.011817,67.33,0.023138
2022-06-08,0.1275,4.8711,236.76,18.25,-0.019534,13.56,-0.004415,65.01,-0.035065
2022-06-09,0.1275,4.8951,241.88,17.94,-0.017132,13.36,-0.014859,62.81,-0.034427
2022-06-10,0.1275,4.9836,248.73,17.54,-0.022549,13.17,-0.014324,62.83,0.000318
2022-06-13,0.1275,5.1033,255.26,17.33,-0.012045,13.01,-0.012223,60.84,-0.032185
2022-06-14,0.1275,5.1203,270.18,17.22,-0.006368,13.15,0.010703,60.72,-0.001974
2022-06-15,0.1275,5.1119,274.22,17.29,0.004057,12.92,-0.017645,60.68,-0.000659
2022-06-17,0.1325,5.1313,260.89,17.07,-0.012806,12.13,-0.063095,57.52,-0.053481
2022-06-20,0.1325,5.1641,261.19,17.81,0.042438,12.27,0.011476,56.1,-0.024997
2022-06-21,0.1325,5.1462,261.49,17.62,-0.010725,12.03,-0.019754,56.47,0.006574
2022-06-22,0.1325,5.1509,276.63,17.49,-0.007405,11.99,-0.003331,55.98,-0.008715
2022-06-23,0.1325,5.1833,284.79,17.09,-0.023136,11.77,-0.018519,53.94,-0.037122
2022-06-24,0.1325,5.2334,289.06,17.06,-0.001757,11.68,-0.007676,55.44,0.027429
2022-06-27,0.1325,5.2214,281.74,17.17,0.006427,12.43,0.062235,57.99,0.044969
2022-06-28,0.1325,5.2179,281.34,16.98,-0.011127,12.59,0.01279,59.03,0.017775
2022-06-29,0.1325,5.2268,297.22,16.8,-0.010657,12.48,-0.008775,58.54,-0.008336
2022-06-30,0.1325,5.238,292.02,16.5,-0.018019,12.41,-0.005625,56.88,-0.028766
2022-07-01,0.1325,5.3142,290.81,16.65,0.00905,12.68,0.021523,55.8,-0.01917
2022-07-04,0.1325,5.3038,290.31,16.49,-0.009656,12.95,0.02107,55.48,-0.005751
2022-07-05,0.1325,5.3899,288.31,16.6,0.006649,12.45,-0.039375,55.2,-0.00506
2022-07-06,0.1325,5.4321,297.88,16.45,-0.009077,12.29,-0.012935,55.72,0.009376
2022-07-07,0.1325,5.364,300.9,16.68,0.013885,12.65,0.028871,57.34,0.028659
2022-07-08,0.1325,5.3086,286.79,16.69,0.000599,12.8,0.011788,56.02,-0.02329
2022-07-11,0.1325,5.3477,286.91,16.42,-0.01631,12.73,-0.005484,54.11,-0.03469
2022-07-12,0.1325,5.412,295.93,16.38,-0.002439,12.54,-0.015038,54.28,0.003137
2022-07-13,0.1325,5.3992,306.75,16.32,-0.00367,12.55,0.000797,54.09,-0.003507
2022-07-14,0.1325,5.4568,314.97,16.14,-0.011091,12.21,-0.027465,50.49,-0.068874
2022-07-15,0.1325,5.4014,324.6,16.43,0.017808,12.42,0.017053,50.8,0.006121
2022-07-18,0.1325,5.3675,320.31,16.65,0.013301,12.71,0.023081,51.07,0.005301
2022-07-19,0.1325,5.3904,322.72,17.21,0.03308,12.97,0.02025,51.18,0.002152
2022-07-20,0.1325,5.4288,309.25,16.99,-0.012866,12.96,-0.000771,50.07,-0.021927
2022-07-21,0.1325,5.475,295.23,17.13,0.008206,12.89,-0.005416,50.95,0.017423
2022-07-22,0.1325,5.4522,291.4,16.95,-0.010563,13.03,0.010803,51.42,0.009182
2022-07-25,0.1325,5.4144,293.48,17.19,0.01406,13.64,0.045752,52.37,0.018307
2022-07-26,0.1325,5.3608,287.54,17.1,-0.005249,13.78,0.010212,52.28,-0.00172
2022-07-27,0.1325,5.3074,295.32,17.16,0.003503,13.93,0.010827,52.4,0.002293
2022-07-28,0.1325,5.2149,280.26,17.27,0.00639,14.35,0.029705,52.52,0.002287
2022-07-29,0.1325,5.1884,275.16,17.21,-0.00348,15.17,0.05557,51.82,-0.013418
2022-08-01,0.1325,5.1606,269.87,17.11,-0.005828,14.97,-0.013272,50.58,-0.02422
2022-08-02,0.1325,5.2329,271.78,17.29,0.010465,15.03,0.004,52.2,0.031526
2022-08-03,0.1325,5.2846,281.51,17.42,0.007491,15.04,0.000665,50.17,-0.039665
2022-08-04,0.1375,5.2409,273.8,17.84,0.023824,15.2,0.010582,49.88,-0.005797
2022-08-05,0.1375,5.2165,268.77,18.18,0.018879,15.49,0.018899,50.52,0.012749
2022-08-08,0.1375,5.1247,270.81,18.4,0.012029,16.28,0.049743,50.95,0.008475
2022-08-09,0.1375,5.1224,259.02,18.88,0.025752,16.54,0.015844,52.01,0.020591
2022-08-10,0.1375,5.0497,264.33,19.23,0.018368,16.49,-0.003028,52.05,0.000769
2022-08-11,0.1375,5.1127,247.48,19.26,0.001559,16.11,-0.023314,53.86,0.034183
2022-08-12,0.1375,5.1023,248.75,19.5,0.012384,17.3,0.071266,54.55,0.01273
2022-08-15,0.1375,5.0925,238.83,19.66,0.008172,17.31,0.000578,53.38,-0.021682
2022-08-16,0.1375,5.134,241.6,19.89,0.011631,17.47,0.009201,54.56,0.021865
2022-08-17,0.1375,5.1784,245.87,19.94,0.002511,17.88,0.023198,53.32,-0.02299
2022-08-18,0.1375,5.1773,250.93,19.88,-0.003014,18.24,0.019934,52.92,-0.00753
2022-08-19,0.1375,5.1961,251.43,19.64,-0.012146,17.31,-0.052333,52.33,-0.011212
2022-08-22,0.1375,5.1709,261.56,19.42,-0.011265,17.69,0.021715,51.56,-0.014824
2022-08-23,0.1375,5.103,271.52,19.47,0.002571,18.25,0.031166,54.87,0.062221
2022-08-24,0.1375,5.105,256.45,19.56,0.004612,18.36,0.006009,53.1,-0.03279
2022-08-25,0.1375,5.1173,251.73,19.8,0.012195,18.16,-0.010953,54.13,0.019212
2022-08-26,0.1375,5.0903,249.48,19.68,-0.006079,18.36,0.010953,53.32,-0.015077
2022-08-29,0.1375,5.0428,256.57,19.61,-0.003563,18.82,0.024746,52.29,-0.019506
2022-08-30,0.1375,5.0617,257.67,19.53,-0.004088,17.7,-0.061355,50.77,-0.0295
2022-08-31,0.1375,5.179,257.55,19.03,-0.025935,18.13,0.024003,50.41,-0.007116
2022-09-01,0.1375,5.2007,259.54,19.33,0.015642,18.47,0.01858,49.93,-0.009568
2022-09-02,0.1375,5.1878,256.67,19.59,0.013361,18.24,-0.012531,49.17,-0.015338
2022-09-05,0.1375,5.1686,256.67,19.91,0.016203,18.19,-0.002745,50.97,0.035954
2022-09-06,0.1375,5.2228,257.07,19.72,-0.009589,17.52,-0.037529,49.76,-0.024026
2022-09-08,0.1375,5.2155,256.67,19.58,-0.007125,17.35,-0.009751,50.41,0.012978
2022-09-09,0.1375,5.1633,257.07,19.74,0.008138,17.35,0.0,54.35,0.075255
2022-09-12,0.1375,5.1183,232.27,19.98,0.012085,17.18,-0.009847,54.83,0.008793
2022-09-13,0.1375,5.1794,256.67,19.78,-0.01006,16.73,-0.026542,53.34,-0.027551
2022-09-14,0.1375,5.1774,232.27,19.7,-0.004053,16.98,0.014833,52.36,-0.018544
2022-09-15,0.1375,5.2211,240.17,19.75,0.002535,16.95,-0.001768,53.42,0.020042
2022-09-16,0.1375,5.2882,242.17,19.69,-0.003043,16.8,-0.008889,53.34,-0.001499
2022-09-19,0.1375,5.2367,242.17,20.42,0.036404,17.06,0.015358,55.06,0.031737
2022-09-20,0.1375,5.1705,236.32,21.1,0.032758,16.97,-0.005289,54.28,-0.014268
2022-09-21,0.1375,5.1692,261.07,20.88,-0.010481,17.01,0.002354,53.49,-0.014661
2022-09-22,0.1375,5.1677,261.06,21.3,0.019915,17.43,0.024391,54.72,0.022735
2022-09-23,0.1375,5.2257,264.31,20.88,-0.019915,16.34,-0.064577,53.59,-0.020867
2022-09-26,0.1375,5.3548,278.57,20.43,-0.021787,15.98,-0.022278,53.71,0.002237
2022-09-27,0.1375,5.3508,295.38,20.31,-0.005891,16.19,0.013056,52.91,-0.015007
2022-09-28,0.1375,5.3594,308.84,20.31,0.0,15.97,-0.013682,53.41,0.009406
2022-09-29,0.1375,5.3916,292.49,20.61,0.014663,15.99,0.001252,53.48,0.00131
2022-09-30,0.1375,5.4066,306.56,20.7,0.004357,16.26,0.016745,56.3,0.051387
2022-10-03,0.1375,5.2002,307.49,21.97,0.059544,17.56,0.076915,57.83,0.026813
2022-10-04,0.1375,5.1411,282.23,22.0,0.001365,17.12,-0.025376,59.23,0.02392
2022-10-05,0.1375,5.2144,277.75,22.0,0.0,17.76,0.036701,60.14,0.015247
2022-10-06,0.1375,5.2009,284.26,21.6,-0.018349,18.37,0.03377,58.79,-0.022703
2022-10-07,0.1375,5.2221,285.27,21.65,0.002312,18.35,-0.001089,59.01,0.003735
2022-10-10,0.1375,5.1941,294.93,21.42,-0.01068,18.14,-0.01151,57.82,-0.020372
2022-10-11,0.1375,5.2068,294.85,21.27,-0.007027,18.01,-0.007192,57.43,-0.006768
2022-10-13,0.1375,5.3017,297.25,21.15,-0.005658,18.52,0.027924,56.41,-0.01792
2022-10-14,0.1375,5.2824,300.1,21.15,0.0,18.24,-0.015234,54.57,-0.033162
2022-10-17,0.1375,5.2713,307.39,21.32,0.008006,18.22,-0.001097,55.43,0.015637
2022-10-18,0.1375,5.2697,301.14,21.85,0.024555,18.67,0.024398,56.24,0.014507
2022-10-19,0.1375,5.2808,292.49,21.86,0.000458,19.33,0.03474,55.57,-0.011985
2022-10-20,0.1375,5.2176,295.23,22.19,0.014983,19.9,0.029061,56.28,0.012696
2022-10-21,0.1375,5.1919,292.16,22.93,0.032804,20.58,0.0336,57.93,0.028896
2022-10-24,0.1375,5.2744,284.24,21.89,-0.046416,18.69,-0.096331,56.21,-0.030141
2022-10-25,0.1375,5.3091,280.08,21.71,-0.008257,18.3,-0.021088,56.21,0.0
2022-10-26,0.1375,5.3248,276.77,21.25,-0.021416,17.85,-0.024898,57.46,0.021994
2022-10-27,0.1375,5.3003,280.77,21.64,0.018187,17.99,0.007813,55.42,-0.036149
2022-10-28,0.1375,5.3454,279.51,21.81,0.007825,17.77,-0.012304,52.71,-0.050135
2022-10-31,0.1375,5.257,272.8,22.45,0.028922,16.27,-0.088189,52.46,-0.004754
2022-11-01,0.1375,5.15,272.61,22.5,0.002225,16.29,0.001229,54.06,0.030044
2022-11-03,0.1375,5.1349,268.75,22.34,-0.007137,16.34,0.003065,52.48,-0.029662
2022-11-04,0.1375,5.036,266.91,22.42,0.003575,15.44,-0.056655,56.46,0.0731
2022-11-07,0.1375,5.0886,256.62,21.91,-0.02301,14.82,-0.040984,56.17,-0.00515
2022-11-08,0.1375,5.1744,256.62,21.85,-0.002742,14.92,0.006725,57.87,0.029816
2022-11-09,0.1375,5.1629,256.9,20.8,-0.049248,14.68,-0.016217,57.17,-0.01217
2022-11-10,0.1375,5.3064,262.37,20.4,-0.019418,14.25,-0.029729,58.26,0.018886
2022-11-11,0.1375,5.3051,264.41,19.75,-0.032381,14.73,0.033129,64.32,0.098955
2022-11-14,0.1375,5.3013,265.69,19.69,-0.003043,15.12,0.026132,65.11,0.012208
2022-11-16,0.1375,5.3204,254.3,19.41,-0.014322,14.82,-0.020041,64.43,-0.010499
2022-11-17,0.1375,5.4655,260.68,19.53,0.006163,14.82,0.0,64.94,0.007884
2022-11-18,0.1375,5.3477,263.19,19.68,0.007651,14.57,-0.017013,63.17,-0.027634
2022-11-21,0.1375,5.3259,268.0,19.74,0.003044,14.61,0.002742,62.46,-0.011303
2022-11-22,0.1375,5.3339,260.95,19.41,-0.016859,13.62,-0.070167,62.63,0.002718
2022-11-23,0.1375,5.393,261.15,19.22,-0.009837,13.68,0.004396,63.25,0.009851
2022-11-24,0.1375,5.3149,256.81,19.9,0.034768,14.16,0.034486,63.65,0.006304
2022-11-25,0.1375,5.3508,256.78,19.2,-0.035809,13.93,-0.016376,63.22,-0.006779
2022-11-28,0.1375,5.3796,256.92,18.85,-0.018397,14.22,0.020605,63.54,0.005049
2022-11-29,0.1375,5.3076,261.73,19.02,0.008978,14.82,0.041328,65.99,0.037834
2022-11-30,0.1375,5.2941,253.23,19.21,0.00994,15.56,0.048726,66.98,0.014891
2022-12-01,0.1375,5.1948,252.93,19.21,0.0,14.94,-0.040661,67.35,0.005509
2022-12-02,0.1375,5.1974,237.18,19.47,0.013444,15.13,0.012637,67.83,0.007102
2022-12-05,0.1375,5.2464,231.74,18.9,-0.029713,14.96,-0.0113,67.76,-0.001033
2022-12-06,0.1375,5.2396,243.0,19.33,0.022496,14.97,0.000668,68.75,0.014505
2022-12-07,0.1375,5.2208,245.26,19.19,-0.007269,14.8,-0.011421,66.3,-0.036287
2022-12-08,0.1375,5.2091,242.18,18.52,-0.035538,14.47,-0.02255,67.12,0.012292
2022-12-09,0.1375,5.2396,239.82,18.34,-0.009767,14.43,-0.002768,69.35,0.032684
2022-12-12,0.1375,5.3066,236.8,18.17,-0.009313,13.96,-0.033113,67.28,-0.030303
2022-12-13,0.1375,5.2669,244.56,17.48,-0.038715,13.61,-0.025391,67.56,0.004153
2022-12-14,0.1375,5.3406,241.03,17.56,0.004566,12.53,-0.082679,68.14,0.008548
2022-12-15,0.1375,5.3183,243.3,17.66,0.005679,12.87,0.026773,68.36,0.003223
2022-12-16,0.1375,5.2806,248.4,17.85,0.010701,12.87,0.0,67.19,-0.017263
2022-12-19,0.1375,5.316,254.14,18.39,0.029804,13.07,0.015421,66.94,-0.003728
2022-12-20,0.1375,5.2427,258.38,18.58,0.010279,13.47,0.030145,67.24,0.004472
2022-12-21,0.1375,5.2031,257.33,18.66,0.004296,13.76,0.021301,67.63,0.005783
2022-12-22,0.1375,5.1871,250.23,18.7,0.002141,14.01,0.018006,67.24,-0.005783
2022-12-23,0.1375,5.1445,251.41,18.99,0.015389,14.67,0.046033,67.69,0.00667
2022-12-26,0.1375,5.1872,252.43,18.61,-0.020213,14.56,-0.007527,68.31,0.009118
2022-12-27,0.1375,5.2832,252.2,18.51,-0.005388,14.66,0.006845,69.94,0.023582
2022-12-28,0.1375,5.2736,251.49,18.89,0.020322,14.48,-0.012354,69.78,-0.00229
2022-12-29,0.1375,5.2177,251.35,18.85,-0.00212,14.3,-0.012509,69.7,-0.001147
2023-01-02,0.1375,5.3436,250.46,18.48,-0.019824,13.38,-0.066498,70.1,0.005722
2023-01-03,0.1375,5.3759,250.25,18.09,-0.02133,13.04,-0.025739,69.98,-0.001713
2023-01-04,0.1375,5.4459,253.9,18.14,0.00276,13.46,0.031701,70.1,0.001713
2023-01-05,0.1375,5.4026,254.98,18.71,0.030939,13.94,0.03504,71.28,0.016693
2023-01-06,0.1375,5.2855,258.45,19.03,0.016959,13.86,-0.005755,72.41,0.015729
2023-01-09,0.1375,5.2967,244.78,19.17,0.00733,13.94,0.005755,72.49,0.001104
2023-01-10,0.1375,5.2395,247.31,19.54,0.019117,14.06,0.008571,73.38,0.012203
2023-01-11,0.1375,5.202,247.6,19.88,0.017251,14.17,0.007793,73.12,-0.003549
2023-01-12,0.1375,5.14,243.39,19.6,-0.014185,14.38,0.014711,73.51,0.00532
2023-01-13,0.1375,5.1146,240.32,19.5,-0.005115,14.34,-0.002786,73.57,0.000816
2023-01-16,0.1375,5.1115,238.89,19.29,-0.010828,14.03,-0.021855,72.34,-0.01686
2023-01-17,0.1375,5.1203,238.71,19.69,0.020524,14.9,0.060163,72.25,-0.001245
2023-01-18,0.1375,5.0909,238.65,20.05,0.018118,14.64,-0.017604,73.19,0.012926
2023-01-19,0.1375,5.2144,235.4,20.05,0.0,15.11,0.031599,73.51,0.004363
2023-01-20,0.1375,5.1986,242.75,19.69,-0.018118,15.39,0.018361,73.7,0.002581
2023-01-23,0.1375,5.1922,242.84,19.09,-0.030946,15.64,0.016114,73.95,0.003386
2023-01-24,0.1375,5.1696,240.87,19.26,0.008866,15.53,-0.007058,74.73,0.010492
2023-01-25,0.1375,5.1042,236.65,19.33,0.003628,15.73,0.012796,75.44,0.009456
2023-01-26,0.1375,5.0951,238.66,19.22,-0.005707,15.32,-0.026411,76.85,0.018518
2023-01-27,0.1375,5.0767,234.07,18.81,-0.021563,14.96,-0.023779,74.75,-0.027706
2023-01-30,0.1375,5.0959,228.08,18.82,0.000531,15.03,0.004668,74.48,-0.003619
2023-01-31,0.1375,5.0993,232.09,19.11,0.015292,15.22,0.012562,74.11,-0.00498
2023-02-01,0.1375,5.0721,226.89,18.86,-0.013168,15.01,-0.013894,73.29,-0.011126
2023-02-02,0.1375,4.9901,220.06,19.03,0.008973,14.31,-0.047758,69.9,-0.047359
2023-02-03,0.1375,5.103,214.48,18.96,-0.003685,14.47,0.011119,69.75,-0.002148
2023-02-06,0.1375,5.1763,220.84,18.97,0.000527,15.05,0.0393,68.88,-0.012552
2023-02-07,0.1375,5.1695,227.67,18.53,-0.023468,14.96,-0.005998,69.34,0.006656
2023-02-08,0.1375,5.2036,223.3,20.07,0.079835,15.21,0.016573,69.57,0.003311
2023-02-09,0.1375,5.2315,228.06,19.57,-0.025228,15.14,-0.004613,69.31,-0.003744
2023-02-10,0.1375,5.2526,231.26,19.48,-0.004609,15.6,0.029931,68.07,-0.018053
2023-02-13,0.1375,5.1834,232.21,20.17,0.034808,15.65,0.0032,67.99,-0.001176
2023-02-14,0.1375,5.1507,227.2,19.92,-0.012472,15.59,-0.003841,68.3,0.004549
2023-02-15,0.1375,5.2243,222.68,20.21,0.014453,15.61,0.001282,69.79,0.021581
2023-02-16,0.1375,5.2432,219.44,20.36,0.007395,15.68,0.004474,69.94,0.002147
2023-02-17,0.1375,5.2012,222.38,20.29,-0.003444,15.44,-0.015424,69.03,-0.013097
2023-02-22,0.1375,5.173,237.45,19.92,-0.018404,15.04,-0.026248,68.5,-0.007707
2023-02-23,0.1375,5.133,235.1,19.99,0.003508,15.5,0.030127,68.18,-0.004682
2023-02-24,0.1375,5.1791,229.15,19.38,-0.030991,15.12,-0.024822,66.69,-0.022096
2023-02-27,0.1375,5.196,232.54,19.13,-0.012984,15.27,0.009872,66.69,0.0
2023-02-28,0.1375,5.2078,229.17,19.2,0.003652,14.74,-0.035325,66.91,0.003293
2023-03-01,0.1375,5.207,229.3,18.89,-0.016278,14.77,0.002033,69.95,0.044432
2023-03-02,0.1375,5.208,225.61,18.27,-0.033372,14.38,-0.02676,69.79,-0.00229
2023-03-03,0.1375,5.2037,223.49,18.29,0.001094,15.0,0.042212,70.03,0.003433
2023-03-06,0.1375,5.197,214.46,18.71,0.022704,15.16,0.01061,67.56,-0.035908
2023-03-07,0.1375,5.1901,207.82,18.76,0.002669,14.65,-0.03422,66.91,-0.009668
2023-03-08,0.1375,5.1387,214.88,18.99,0.012186,14.84,0.012886,67.52,0.009075
2023-03-09,0.1375,5.1353,215.71,18.63,-0.019139,14.78,-0.004051,66.64,-0.013119
2023-03-10,0.1375,5.1822,219.13,18.18,-0.024451,14.58,-0.013624,66.42,-0.003307
2023-03-13,0.1375,5.24,224.5,17.97,-0.011618,14.12,-0.032058,66.69,0.004057
2023-03-14,0.1375,5.2362,224.53,17.91,-0.003344,13.87,-0.017864,67.3,0.009105
2023-03-15,0.1375,5.2981,234.38,17.86,-0.002796,13.63,-0.017455,65.27,-0.030628
2023-03-16,0.1375,5.2892,243.07,18.15,0.016107,13.58,-0.003675,65.51,0.00367
2023-03-17,0.1375,5.2679,238.77,17.63,-0.029069,13.73,0.010985,66.3,0.011987
2023-03-20,0.1375,5.2467,279.65,17.68,0.002832,13.39,-0.025075,66.84,0.008112
2023-03-21,0.1375,5.2444,259.1,18.04,0.020157,13.66,0.019964,66.28,-0.008414
2023-03-22,0.1375,5.2648,246.76,17.94,-0.005559,13.62,-0.002933,65.46,-0.012449
2023-03-23,0.1375,5.2632,243.19,17.49,-0.025404,13.31,-0.023024,63.77,-0.026156
2023-03-24,0.1375,5.2921,247.38,17.74,0.014193,13.3,-0.000752,63.05,-0.011355
2023-03-27,0.1375,5.2306,244.86,18.05,0.017324,13.53,0.017145,62.94,-0.001746
2023-03-28,0.1375,5.1733,237.91,18.13,0.004422,13.77,0.017583,63.61,0.010589
2023-03-29,0.1375,5.1493,237.4,18.31,0.009879,13.95,0.012987,64.52,0.014205
2023-03-30,0.1375,5.1254,233.46,18.81,0.026941,13.99,0.002863,65.57,0.016143
2023-03-31,0.1375,5.0804,228.5,18.9,0.004773,13.69,-0.021677,64.34,-0.018937
2023-04-03,0.1375,5.0637,221.56,18.38,-0.027899,14.3,0.043594,64.36,0.000311
2023-04-04,0.1375,5.0762,220.62,18.74,0.019397,14.17,-0.009132,62.54,-0.028686
2023-04-05,0.1375,5.0447,223.26,18.73,-0.000534,14.22,0.003522,61.62,-0.01482
2023-04-06,0.1375,5.0683,227.45,18.67,-0.003209,14.01,-0.014878,61.51,-0.001787
2023-04-10,0.1375,5.0834,230.97,18.86,0.010125,14.31,0.021187,62.69,0.019002
2023-04-11,0.1375,5.0128,230.65,19.48,0.032345,14.98,0.045757,66.0,0.051453
2023-04-12,0.1375,4.9496,224.8,19.61,0.006651,15.09,0.007316,64.59,-0.021595
2023-04-13,0.1375,4.9097,224.82,19.61,0.0,15.2,0.007263,63.72,-0.013561
2023-04-14,0.1375,4.9455,215.06,19.89,0.014177,15.35,0.00982,63.16,-0.008827
2023-04-17,0.1375,4.9421,214.35,19.85,-0.002013,15.59,0.015514,62.4,-0.012106
2023-04-18,0.1375,4.9678,214.32,19.84,-0.000504,15.99,0.025334,62.94,0.008617
2023-04-19,0.1375,5.0467,216.94,19.52,-0.016261,15.48,-0.032415,61.11,-0.029506
2023-04-20,0.1375,5.0497,221.97,19.58,0.003069,15.58,0.006439,59.83,-0.021168
2023-04-24,0.1375,5.0595,226.72,19.4,-0.009236,15.88,0.019072,57.67,-0.03677
2023-04-25,0.1375,5.0613,225.45,19.58,0.009236,15.82,-0.003785,56.1,-0.027601
2023-04-26,0.1375,5.0585,226.93,19.38,-0.010267,15.62,-0.012723,56.31,0.003736
2023-04-27,0.1375,5.015,227.76,19.72,0.017392,15.24,-0.024629,57.51,0.021087
2023-04-28,0.1375,5.0007,224.79,19.82,0.005058,15.59,0.022706,58.02,0.008829
2023-05-02,0.1375,5.0334,213.38,19.05,-0.039624,14.95,-0.041918,55.73,-0.040269
2023-05-03,0.1375,5.0227,217.34,19.02,-0.001576,14.9,-0.00335,55.3,-0.007746
2023-05-04,0.1375,5.0106,219.48,19.18,0.008377,15.14,0.015979,53.58,-0.031597
2023-05-05,0.1375,4.9696,225.55,19.89,0.036349,15.78,0.041403,55.33,0.032139
2023-05-08,0.1375,4.9696,221.17,20.16,0.013483,16.12,0.021317,56.07,0.013286
2023-05-09,0.1375,5.0007,222.01,20.29,0.006428,16.17,0.003097,56.65,0.010291
2023-05-10,0.1375,4.9547,225.47,20.58,0.014192,16.13,-0.002477,55.58,-0.019069
2023-05-11,0.1375,4.9696,222.06,20.78,0.009671,16.72,0.035925,54.5,-0.019623
2023-05-12,0.1375,4.9234,222.02,20.59,-0.009185,17.26,0.031786,54.56,0.0011
2023-05-15,0.1375,4.9103,221.99,20.67,0.003878,16.87,-0.022855,55.34,0.014195
2023-05-16,0.1375,4.9122,221.95,20.6,-0.003392,17.3,0.02517,54.21,-0.020631
2023-05-17,0.1375,4.9513,221.91,20.81,0.010143,16.87,-0.02517,56.0,0.032486
2023-05-18,0.1375,4.9647,237.45,20.73,-0.003852,16.97,0.00591,56.08,0.001428
2023-05-19,0.1375,4.9858,218.45,20.56,-0.008234,16.95,-0.001179,55.46,-0.011117
2023-05-22,0.1375,4.968,215.15,20.17,-0.019151,16.85,-0.005917,54.57,-0.016178
2023-05-23,0.1375,4.9674,214.13,20.33,0.007901,17.26,0.024041,53.34,-0.022798
2023-05-24,0.1375,4.9474,213.02,20.22,-0.005425,17.53,0.015522,52.13,-0.022946
2023-05-25,0.1375,4.999,213.13,20.85,0.030682,17.39,-0.008018,51.97,-0.003074
2023-05-26,0.1375,5.0114,211.42,20.69,-0.007703,17.62,0.013139,53.16,0.02264
2023-05-29,0.1375,4.9954,207.39,20.6,-0.004359,17.55,-0.003981,52.76,-0.007553
2023-05-30,0.1375,5.0593,207.24,20.31,-0.014178,17.35,-0.011461,51.51,-0.023977
2023-05-31,0.1375,5.0959,206.96,20.15,-0.007909,17.18,-0.009847,51.14,-0.007209
2023-06-01,0.1375,5.035,209.05,20.44,0.014289,17.73,0.031512,52.22,0.020899
2023-06-02,0.1375,4.9558,205.18,20.74,0.01457,17.87,0.007865,54.45,0.041817
2023-06-05,0.1375,4.9236,201.82,20.79,0.002408,18.07,0.01113,54.0,-0.008299
2023-06-06,0.1375,4.9292,199.4,20.93,0.006711,18.45,0.020811,54.17,0.003143
2023-06-07,0.1375,4.9119,196.58,21.0,0.003339,18.99,0.028848,55.03,0.015751
2023-06-09,0.1375,4.8922,194.54,21.29,0.013715,19.91,0.04731,54.78,-0.004553
2023-06-12,0.1375,4.8832,192.9,21.06,-0.010862,20.26,0.017426,53.79,-0.018238
2023-06-13,0.1375,4.8533,190.71,21.29,0.010862,20.22,-0.001976,54.36,0.010541
2023-06-14,0.1375,4.8462,188.12,21.59,0.013993,21.09,0.042127,55.31,0.017325
2023-06-15,0.1375,4.8222,186.99,21.87,0.012886,20.59,-0.023993,55.74,0.007744
2023-06-16,0.1375,4.8286,182.84,21.94,0.003196,20.77,0.008704,55.83,0.001613
2023-06-19,0.1375,4.7803,182.19,22.24,0.013581,21.32,0.026136,55.62,-0.003769
2023-06-20,0.1375,4.793,182.12,22.23,-0.00045,21.42,0.004679,54.18,-0.026231
2023-06-21,0.1375,4.7795,180.03,22.44,0.009402,22.32,0.041158,53.64,-0.010017
2023-06-22,0.1375,4.775,177.19,22.23,-0.009402,22.04,-0.012624,53.35,-0.005421
2023-06-23,0.1375,4.7799,174.41,22.16,-0.003154,21.13,-0.042165,52.81,-0.010173
2023-06-26,0.1375,4.7698,176.63,22.13,-0.001355,21.61,0.022462,52.92,0.002081
2023-06-27,0.1375,4.7903,178.12,21.88,-0.011361,21.44,-0.007898,53.56,0.012021
2023-06-28,0.1375,4.8563,177.36,21.75,-0.005959,21.64,0.009285,51.87,-0.032062
2023-06-29,0.1375,4.8584,178.09,22.02,0.012337,21.74,0.00461,52.5,0.012073
2023-06-30,0.1375,4.8192,179.92,21.96,-0.002729,20.69,-0.049503,51.47,-0.019814
2023-07-03,0.1375,4.7876,173.35,22.39,0.019392,21.08,0.018674,53.08,0.030801
2023-07-04,0.1375,4.8056,174.39,22.26,-0.005823,21.13,0.002369,52.81,-0.0051
2023-07-05,0.1375,4.8577,174.22,22.45,0.008499,21.1,-0.001421,52.35,-0.008749
2023-07-06,0.1375,4.8977,176.78,22.12,-0.014808,20.78,-0.015282,51.97,-0.007285
2023-07-07,0.1375,4.8799,181.3,22.53,0.018366,20.67,-0.005308,52.46,0.009384
2023-07-10,0.1375,4.8735,180.11,22.39,-0.006233,20.71,0.001933,51.66,-0.015367
2023-07-11,0.1375,4.8949,180.95,21.99,-0.018027,20.43,-0.013612,53.36,0.032378
2023-07-12,0.1375,4.8058,181.14,21.86,-0.005929,20.44,0.000489,53.73,0.00691
2023-07-13,0.1375,4.8038,175.97,22.1,0.010919,20.76,0.015534,54.98,0.022998
2023-07-14,0.1375,4.7957,172.11,21.87,-0.010462,20.36,-0.019456,54.98,0.0
2023-07-17,0.1375,4.8302,177.48,22.29,0.019022,20.31,-0.002459,54.37,-0.011157
2023-07-18,0.1375,4.804,176.25,21.86,-0.01948,20.2,-0.005431,54.03,-0.006273
2023-07-19,0.1375,4.8,175.32,21.63,-0.010577,20.39,0.009362,53.89,-0.002595
2023-07-20,0.1375,4.7888,173.34,22.03,0.018324,20.41,0.00098,54.01,0.002224
2023-07-21,0.1375,4.7732,175.5,22.43,0.017994,20.8,0.018928,54.33,0.005907
2023-07-24,0.1375,4.7457,172.41,22.07,-0.01618,21.23,0.020462,55.98,0.029918
2023-07-25,0.1375,4.7496,170.53,22.12,0.002263,21.72,0.022818,57.71,0.030436
2023-07-26,0.1375,4.7368,169.51,22.24,0.00541,21.72,0.0,57.51,-0.003472
2023-07-27,0.1375,4.7202,164.56,21.74,-0.022739,20.59,-0.053428,56.43,-0.018958
2023-07-28,0.1375,4.7253,162.85,22.07,0.015065,20.85,0.012548,54.2,-0.04032
2023-07-31,0.1375,4.7415,162.65,22.15,0.003618,21.8,0.044556,55.42,0.02226
2023-08-01,0.1375,4.7752,163.69,22.21,0.002705,21.44,-0.016652,54.65,-0.013991
2023-08-02,0.1375,4.8083,165.75,22.15,-0.002705,21.39,-0.002335,53.77,-0.016234
2023-08-03,0.1325,4.8797,172.48,21.97,-0.00816,21.67,0.013005,54.1,0.006118
2023-08-04,0.1325,4.8609,174.57,21.57,-0.018374,21.02,-0.030454,54.14,0.000739
2023-08-07,0.1325,4.901,172.32,21.4,-0.007913,21.15,0.006166,54.41,0.004975
2023-08-08,0.1325,4.9217,171.54,21.36,-0.001871,21.18,0.001417,54.06,-0.006453
2023-08-09,0.1325,4.9015,172.46,21.28,-0.003752,21.34,0.007526,53.57,-0.009105
2023-08-10,0.1325,4.8518,173.55,21.35,0.003284,21.46,0.005607,52.94,-0.01183
2023-08-11,0.1325,4.8918,170.64,21.39,0.001872,21.41,-0.002333,52.5,-0.008346
2023-08-14,0.1325,4.9481,170.72,21.08,-0.014599,21.47,0.002799,51.1,-0.027029
2023-08-15,0.1325,4.9812,175.61,20.96,-0.005709,21.62,0.006962,50.6,-0.009833
2023-08-16,0.1325,4.9772,180.46,20.95,-0.000477,22.1,0.021959,50.4,-0.00396
2023-08-17,0.1325,4.9816,180.51,20.7,-0.012005,22.03,-0.003172,51.11,0.013989
2023-08-18,0.1325,4.9724,186.29,20.86,0.0077,22.09,0.00272,50.54,-0.011215
2023-08-21,0.1325,4.9847,188.24,20.78,-0.003842,21.93,-0.007269,50.61,0.001384
2023-08-22,0.1325,4.9431,188.45,21.1,0.015282,22.27,0.015385,51.66,0.020535
2023-08-23,0.1325,4.8977,185.42,21.36,0.012247,23.45,0.05163,52.04,0.007329
2023-08-24,0.1325,4.8748,176.37,21.12,-0.0113,23.42,-0.00128,51.35,-0.013348
2023-08-25,0.1325,4.8772,178.6,20.78,-0.016229,23.26,-0.006855,51.24,-0.002144
2023-08-28,0.1325,4.8938,173.67,21.49,0.033597,23.52,0.011116,51.98,0.014339
2023-08-29,0.1325,4.8706,166.69,21.83,0.015697,23.57,0.002124,53.64,0.031436
2023-08-30,0.1325,4.8653,163.62,21.41,-0.019427,23.73,0.006765,53.65,0.000186
2023-08-31,0.1325,4.9219,162.81,21.22,-0.008914,23.23,-0.021296,53.73,0.00149
2023-09-01,0.1325,4.9318,167.67,21.41,0.008914,23.74,0.021717,56.87,0.056796
2023-09-04,0.1325,4.9176,164.81,21.21,-0.009385,23.49,-0.010587,57.29,0.007358
2023-09-05,0.1325,4.9705,164.81,20.9,-0.014724,24.27,0.032666,57.05,-0.004198
2023-09-06,0.1325,4.9762,167.85,20.7,-0.009615,24.38,0.004522,56.13,-0.016258
2023-09-08,0.1325,4.9835,170.57,20.73,0.001448,24.3,-0.003287,55.07,-0.019065
2023-09-11,0.1325,4.9366,168.75,21.25,0.024775,24.27,-0.001235,55.87,0.014422
2023-09-12,0.1325,4.9505,169.7,21.38,0.006099,24.39,0.004932,55.82,-0.000895
2023-09-13,0.1325,4.9171,171.71,21.49,0.005132,24.03,-0.01487,55.61,-0.003769
2023-09-14,0.1325,4.8751,168.68,21.4,-0.004197,24.64,0.025068,57.89,0.040182
2023-09-15,0.1325,4.8689,165.82,21.35,-0.002339,24.65,0.000406,57.41,-0.008326
2023-09-18,0.1325,4.8535,165.82,21.3,-0.002345,24.83,0.007276,56.73,-0.011915
2023-09-19,0.1325,4.8575,163.82,21.24,-0.002821,24.88,0.002012,56.84,0.001937
2023-09-20,0.1325,4.8487,179.98,21.6,0.016807,24.94,0.002409,57.22,0.006663
2023-09-21,0.1275,4.9229,180.37,21.1,-0.02342,24.56,-0.015354,55.73,-0.026385
2023-09-22,0.1275,4.9131,183.28,21.05,-0.002372,24.75,0.007706,56.14,0.00733
2023-09-25,0.1275,4.9606,180.2,21.11,0.002846,24.91,0.006444,54.98,-0.020879
2023-09-26,0.1275,4.9717,182.3,20.8,-0.014794,24.34,-0.023148,54.12,-0.015766
2023-09-27,0.1275,5.0289,185.15,20.76,-0.001925,25.11,0.031145,54.24,0.002215
2023-09-28,0.1275,5.0475,189.21,21.31,0.026148,25.06,-0.001993,55.07,0.015186
2023-09-29,0.1275,5.0076,185.0,21.28,-0.001409,25.2,0.005571,55.79,0.01299
2023-10-02,0.1275,5.0679,186.07,21.08,-0.009443,24.82,-0.015194,55.3,-0.008822
2023-10-03,0.1275,5.11,190.24,20.81,-0.012891,24.71,-0.004442,54.97,-0.005985
2023-10-04,0.1275,5.1526,199.88,21.29,0.022804,23.73,-0.040468,54.38,-0.010791
2023-10-05,0.1275,5.1713,194.64,21.63,0.015844,23.81,0.003366,54.4,0.000368
2023-10-06,0.1275,5.1918,193.77,21.83,0.009204,24.38,0.023657,55.2,0.014599
2023-10-09,0.1275,5.1666,190.1,21.64,-0.008742,25.42,0.041773,54.8,-0.007273
2023-10-10,0.1275,5.0862,189.64,21.62,-0.000925,25.61,0.007447,55.13,0.006004
2023-10-11,0.1275,5.0496,180.92,21.89,0.012411,25.55,-0.002346,55.61,0.008669
2023-10-13,0.1275,5.0625,180.41,21.67,-0.010101,26.39,0.032348,54.97,-0.011575
2023-10-16,0.1275,5.0618,183.11,21.7,0.001383,26.68,0.010929,55.56,0.010676
2023-10-17,0.1275,5.0384,179.36,21.38,-0.014856,27.4,0.026629,56.01,0.008067
2023-10-18,0.1275,5.0568,181.48,20.93,-0.021272,28.02,0.022376,53.96,-0.037287
2023-10-19,0.1275,5.054,185.23,21.17,0.011402,27.89,-0.00465,53.18,-0.014561
2023-10-20,0.1275,5.0528,189.03,21.09,-0.003786,27.53,-0.012992,51.75,-0.027258
2023-10-23,0.1275,5.0164,190.82,21.12,0.001421,25.71,-0.068396,51.65,-0.001934
2023-10-24,0.1275,5.0065,188.01,21.12,0.0,26.1,0.015055,52.83,0.022589
2023-10-25,0.1275,4.9981,184.22,21.16,0.001892,26.24,0.00535,52.78,-0.000947
2023-10-26,0.1275,5.0055,186.28,21.68,0.024278,25.97,-0.010343,53.91,0.021184
2023-10-27,0.1275,4.948,185.93,21.36,-0.01487,25.78,-0.007343,55.78,0.034099
2023-10-30,0.1275,5.0074,186.08,21.19,-0.007991,25.52,-0.010137,56.29,0.009102
2023-10-31,0.1275,5.0575,183.28,20.98,-0.00996,25.27,-0.009845,56.96,0.011832
2023-11-01,0.1275,5.0194,182.29,21.28,0.014198,25.55,0.011019,58.05,0.018955
2023-11-03,0.1225,4.891,165.65,21.87,0.027348,25.85,0.011673,58.78,0.012497
2023-11-06,0.1225,4.8999,160.56,22.07,0.009103,25.83,-0.000774,59.03,0.004244
2023-11-07,0.1225,4.867,166.8,22.69,0.027705,25.4,-0.016787,57.86,-0.020019
2023-11-08,0.1225,4.8855,165.64,22.79,0.004398,24.86,-0.021489,57.9,0.000691
2023-11-09,0.1225,4.9007,163.75,22.89,0.004378,25.37,0.020307,58.18,0.004824
2023-11-10,0.1225,4.9219,166.87,23.17,0.012158,25.26,-0.004345,59.07,0.015182
2023-11-13,0.1225,4.9247,163.76,23.01,-0.006929,25.96,0.027335,58.95,-0.002034
2023-11-14,0.1225,4.8682,165.71,23.36,0.015096,26.32,0.013772,60.77,0.030407
2023-11-16,0.1225,4.8575,157.05,23.73,0.015715,25.86,-0.017632,61.17,0.006561
2023-11-17,0.1225,4.8849,154.82,23.84,0.004625,26.7,0.031966,61.29,0.00196
2023-11-20,0.1225,4.8723,152.04,24.08,0.010017,26.72,0.000749,62.79,0.024179
2023-11-21,0.1225,4.8806,147.12,24.04,-0.001663,26.45,-0.010156,64.31,0.023919
2023-11-22,0.1225,4.8968,146.12,24.18,0.005807,26.58,0.004903,63.7,-0.009531
2023-11-23,0.1225,4.8931,147.18,24.15,-0.001241,26.59,0.000376,63.3,-0.006299
2023-11-24,0.1225,4.8927,147.19,24.02,-0.005398,26.66,0.002629,62.76,-0.008567
2023-11-27,0.1225,4.8951,147.21,23.96,-0.002501,26.51,-0.005642,62.39,-0.005913
2023-11-28,0.1225,4.8867,146.11,24.19,0.009554,26.91,0.014976,62.53,0.002241
2023-11-29,0.1225,4.8933,145.08,24.36,0.007003,26.63,-0.01046,62.51,-0.00032
2023-11-30,0.1225,4.9355,142.17,24.73,0.015075,27.14,0.01897,62.85,0.005424
2023-12-01,0.1225,4.9191,146.24,24.68,-0.002024,26.96,-0.006654,64.01,0.018288
2023-12-04,0.1225,4.9091,153.55,24.71,0.001215,26.39,-0.021369,62.58,-0.022594
2023-12-05,0.1225,4.9522,142.32,24.91,0.008061,26.27,-0.004558,62.0,-0.009311
2023-12-06,0.1225,4.9031,146.12,24.69,-0.008871,25.32,-0.036833,61.59,-0.006635
2023-12-07,0.1225,4.8949,149.13,24.97,0.011277,25.26,-0.002372,61.79,0.003242
2023-12-08,0.1225,4.9158,148.14,25.28,0.012338,26.07,0.031563,61.96,0.002747
2023-12-11,0.1225,4.944,147.31,25.11,-0.006747,25.97,-0.003843,62.01,0.000807
2023-12-12,0.1225,4.9476,145.21,24.98,-0.005191,25.76,-0.008119,62.12,0.001772
2023-12-13,0.1225,4.958,145.2,25.74,0.029971,26.13,0.014261,62.13,0.000161
2023-12-14,0.1175,4.8912,140.06,25.95,0.008125,26.7,0.021579,62.47,0.005457
2023-12-15,0.1175,4.9397,136.32,25.84,-0.004248,26.76,0.002245,62.86,0.006224
2023-12-18,0.1175,4.9399,137.41,25.97,0.005018,27.09,0.012256,63.16,0.004761
2023-12-19,0.1175,4.8663,136.4,25.98,0.000385,27.4,0.011378,63.6,0.006942
2023-12-20,0.1175,4.8766,135.39,25.72,-0.010058,27.5,0.003643,63.39,-0.003307
2023-12-21,0.1175,4.8755,135.35,25.89,0.006588,27.51,0.000364,65.5,0.032744
2023-12-22,0.1175,4.8619,134.41,26.3,0.015712,27.77,0.009407,65.01,-0.007509
2023-12-26,0.1175,4.8368,132.45,26.57,0.010214,28.22,0.016075,65.24,0.003532
2023-12-27,0.1175,4.8306,132.46,26.75,0.006752,28.24,0.000708,65.87,0.00961
2023-12-28,0.1175,4.8413,132.4,26.82,0.002613,28.15,-0.003192,65.7,-0.002584
2024-01-02,0.1175,4.8916,131.47,26.48,-0.012758,28.56,0.01446,65.57,-0.001981
2024-01-03,0.1175,4.9212,139.43,26.19,-0.011012,29.45,0.030687,65.23,-0.005199
2024-01-04,0.1175,4.9188,143.28,26.01,-0.006897,29.2,-0.008525,64.36,-0.013427
2024-01-05,0.1175,4.8899,142.37,26.62,0.023182,29.27,0.002394,63.53,-0.01298
2024-01-08,0.1175,4.885,141.34,26.34,-0.010574,29.05,-0.007545,63.21,-0.00505
2024-01-09,0.1175,4.8937,139.33,26.32,-0.00076,28.8,-0.008643,62.41,-0.012737
2024-01-10,0.1175,4.8901,137.38,26.3,-0.00076,28.54,-0.009069,61.47,-0.015176
2024-01-11,0.1175,4.8794,132.46,26.35,0.001899,28.78,0.008374,61.79,0.005192
2024-01-12,0.1175,4.8543,131.4,26.38,0.001138,28.85,0.002429,61.01,-0.012704
2024-01-15,0.1175,4.8765,128.48,26.42,0.001515,29.16,0.010688,60.89,-0.001969
2024-01-16,0.1175,4.9038,128.56,26.05,-0.014104,28.8,-0.012423,60.1,-0.013059
2024-01-17,0.1175,4.9346,130.58,26.07,0.000767,28.63,-0.00592,59.02,-0.018133
2024-01-18,0.1175,4.9403,132.59,25.96,-0.004228,28.52,-0.00385,58.72,-0.005096
2024-01-19,0.1175,4.9223,132.51,26.02,0.002309,28.37,-0.005273,57.96,-0.013027
2024-01-22,0.1175,4.949,131.55,25.6,-0.016273,28.5,0.004572,57.7,-0.004496
2024-01-23,0.1175,4.9715,135.43,25.71,0.004288,28.85,0.012206,58.89,0.020414
2024-01-24,0.1175,4.9192,140.39,25.6,-0.004288,28.63,-0.007655,59.49,0.010137
2024-01-25,0.1175,4.9232,140.41,25.54,-0.002347,29.69,0.036355,58.02,-0.02502
2024-01-26,0.1175,4.9125,139.32,25.92,0.014769,30.21,0.017363,59.15,0.019289
2024-01-29,0.1175,4.9225,137.46,25.78,-0.005416,30.67,0.015112,58.87,-0.004745
2024-01-30,0.1175,4.9638,136.39,25.62,-0.006226,30.48,-0.006214,58.53,-0.005792
2024-01-31,0.1175,4.9535,136.49,25.9,0.01087,30.81,0.010769,57.67,-0.014802
2024-02-01,0.1125,4.935,139.3,25.84,-0.002319,31.42,0.019605,57.4,-0.004693
2024-02-02,0.1125,4.9471,135.41,25.88,0.001547,31.02,-0.012812,56.24,-0.020416
2024-02-05,0.1125,5.0053,135.62,26.37,0.018757,31.15,0.004182,55.75,-0.008751
2024-02-06,0.1125,4.9687,137.53,27.5,0.041959,31.44,0.009267,56.74,0.017602
2024-02-07,0.1125,4.9608,135.39,27.3,-0.007299,31.9,0.014525,56.85,0.001937
2024-02-08,0.1125,4.9804,133.51,26.76,-0.019978,31.64,-0.008184,56.35,-0.008834
2024-02-09,0.1125,4.9717,135.49,27.1,0.012625,31.22,-0.013363,56.1,-0.004446
2024-02-14,0.1125,4.9723,135.63,27.1,0.0,30.98,-0.007717,55.93,-0.003035
2024-02-15,0.1125,4.971,132.46,27.33,0.008451,31.98,0.031769,55.75,-0.003223
2024-02-16,0.1125,4.9761,131.53,27.3,-0.001098,32.27,0.009027,57.87,0.037322
2024-02-19,0.1125,4.9585,130.6,27.6,0.010929,32.43,0.004946,57.44,-0.007458
2024-02-20,0.1125,4.9408,130.57,28.2,0.021506,32.09,-0.010539,56.18,-0.02218
2024-02-21,0.1125,4.9303,133.51,28.04,-0.00569,32.13,0.001246,56.6,0.007448
2024-02-22,0.1125,4.9419,132.58,27.88,-0.005722,31.89,-0.007498,57.21,0.01072
2024-02-23,0.1125,4.9851,125.68,27.97,0.003223,31.67,-0.006923,57.34,0.00227
2024-02-26,0.1125,4.9819,122.68,28.05,0.002856,32.27,0.018768,55.96,-0.024361
2024-02-27,0.1125,4.9575,123.7,28.39,0.012048,32.22,-0.001551,57.43,0.02593
2024-02-28,0.1125,4.9557,126.66,28.41,0.000704,30.56,-0.052895,56.8,-0.01103
2024-02-29,0.1125,4.9833,126.63,27.7,-0.025309,30.34,-0.007225,57.01,0.00369
2024-03-01,0.1125,4.9596,124.66,27.83,0.004682,30.37,0.000988,56.92,-0.00158
2024-03-04,0.1125,4.9475,124.63,27.61,-0.007937,30.3,-0.002308,56.79,-0.002287
2024-03-05,0.1125,4.9488,124.71,27.59,-0.000725,30.21,-0.002975,56.04,-0.013295
2024-03-06,0.1125,4.9398,127.6,27.89,0.010815,30.87,0.021612,56.81,0.013647
2024-03-07,0.1125,4.9364,128.63,27.6,-0.010452,30.53,-0.011075,56.61,-0.003527
2024-03-08,0.1125,4.9751,127.61,27.85,0.009017,27.74,-0.095834,56.18,-0.007625
2024-03-11,0.1125,4.9777,129.6,27.99,0.005014,26.95,-0.028892,54.43,-0.031645
2024-03-12,0.1125,4.9813,128.65,28.1,0.003922,27.83,0.032131,54.09,-0.006266
2024-03-13,0.1125,4.9803,124.72,28.38,0.009915,27.5,-0.011929,54.44,0.00645
2024-03-14,0.1125,4.9768,120.76,28.36,-0.000705,27.38,-0.004373,53.75,-0.012756
2024-03-15,0.1125,4.9937,123.75,28.21,-0.005303,27.45,0.002553,53.13,-0.011602
2024-03-18,0.1125,5.0124,124.71,28.32,0.003892,27.47,0.000728,54.15,0.019016
2024-03-19,0.1125,5.0352,124.7,28.36,0.001411,27.27,-0.007307,54.59,0.008093
2024-03-20,0.1125,5.012,124.67,28.42,0.002113,27.74,0.017088,54.96,0.006755
2024-03-21,0.1075,4.9807,135.41,28.13,-0.010257,26.99,-0.027409,54.82,-0.002551
2024-03-22,0.1075,4.9897,131.53,27.73,-0.014322,27.25,0.009587,54.19,-0.011559
2024-03-25,0.1075,4.9869,135.42,27.73,0.0,27.67,0.015295,54.08,-0.002032
2024-03-26,0.1075,4.987,133.54,28.29,0.019994,27.41,-0.009441,53.39,-0.012841
2024-03-27,0.1075,4.9856,133.48,28.44,0.005288,27.63,0.007994,53.88,0.009136
2024-03-28,0.1075,4.9962,135.45,28.49,0.001757,28.24,0.021837,54.08,0.003705
2024-04-01,0.1075,5.0532,138.42,27.52,-0.03464,28.46,0.00776,54.43,0.006451
2024-04-02,0.1075,5.0476,140.51,27.55,0.00109,29.19,0.025327,55.07,0.01169
2024-04-03,0.1075,5.0724,143.36,27.35,-0.007286,29.04,-0.005152,54.28,-0.014449
2024-04-04,0.1075,5.0237,145.31,26.98,-0.013621,28.71,-0.011429,53.68,-0.011115
2024-04-05,0.1075,5.052,148.26,26.93,-0.001855,28.8,0.00313,53.09,-0.011052
2024-04-08,0.1075,5.0421,147.4,27.34,0.01511,29.2,0.013793,55.99,0.053185
2024-04-09,0.1075,5.008,144.38,27.63,0.010551,29.28,0.002736,55.61,-0.00681
2024-04-10,0.1075,5.0654,142.3,27.04,-0.021585,29.93,0.021957,54.77,-0.01522
2024-04-11,0.1075,5.0765,146.58,26.99,-0.001851,29.71,-0.007378,55.0,0.004191
2024-04-12,0.1075,5.1364,148.26,26.71,-0.010428,29.44,-0.009129,54.8,-0.003643
2024-04-15,0.1075,5.1746,153.11,26.26,-0.016991,29.72,0.009466,55.12,0.005822
2024-04-16,0.1075,5.2635,159.15,26.06,-0.007645,29.85,0.004365,54.63,-0.008929
2024-04-17,0.1075,5.2469,162.11,26.08,0.000767,30.07,0.007343,55.22,0.010742
2024-04-18,0.1075,5.2512,161.94,26.11,0.00115,30.12,0.001661,55.43,0.003796
2024-04-19,0.1075,5.2269,163.1,25.96,-0.005761,30.64,0.017117,56.33,0.016106
2024-04-22,0.1075,5.2043,162.02,25.95,-0.000385,31.37,0.023546,56.31,-0.000355
2024-04-23,0.1075,5.1626,157.09,26.33,0.014537,31.31,-0.001914,55.82,-0.00874
2024-04-24,0.1075,5.1592,152.14,26.22,-0.004186,31.17,-0.004481,56.51,0.012285
2024-04-25,0.1075,5.1679,151.24,26.07,-0.005737,31.91,0.023463,55.32,-0.021283
2024-04-26,0.1075,5.1184,154.24,26.51,0.016737,32.37,0.014313,55.32,0.0
2024-04-29,0.1075,5.1155,150.21,26.3,-0.007953,32.75,0.011671,56.81,0.026578
2024-04-30,0.1075,5.1718,146.24,25.81,-0.018807,32.65,-0.003058,56.27,-0.009551
2024-05-02,0.1075,5.1184,144.23,26.18,0.014234,32.78,0.003974,56.83,0.009903
2024-05-03,0.1075,5.0668,142.28,26.51,0.012526,32.36,-0.012895,56.89,0.001055
2024-05-06,0.1075,5.0727,137.36,26.68,0.006392,32.58,0.006776,57.06,0.002984
2024-05-07,0.1075,5.061,135.48,27.23,0.020405,32.98,0.012203,57.42,0.006289
2024-05-08,0.1075,5.0887,135.48,27.4,0.006224,33.48,0.015047,56.89,-0.009273
2024-05-09,0.105,5.1577,138.47,26.58,-0.030384,33.8,0.009513,57.36,0.008228
2024-05-10,0.105,5.1464,138.42,26.88,0.011223,33.73,-0.002073,57.16,-0.003493
2024-05-13,0.105,5.1412,139.47,27.21,0.012202,33.76,0.000889,57.5,0.005931
2024-05-14,0.105,5.1356,138.93,27.51,0.010965,33.16,-0.017932,57.46,-0.000696
2024-05-15,0.105,5.1423,99.37,27.43,-0.002912,31.15,-0.06253,57.29,-0.002963
2024-05-16,0.105,5.127,141.29,27.35,-0.002921,30.24,-0.029649,57.71,0.007304
2024-05-17,0.105,5.1157,140.48,27.36,0.000366,29.76,-0.016,58.84,0.019391
2024-05-20,0.105,5.1085,139.47,27.28,-0.002928,29.81,0.001679,58.81,-0.00051
2024-05-21,0.105,5.1037,140.45,27.14,-0.005145,29.76,-0.001679,58.65,-0.002724
2024-05-22,0.105,5.1502,140.4,26.72,-0.015596,30.16,0.013351,58.18,-0.008046
2024-05-23,0.105,5.1443,144.41,26.48,-0.009023,29.86,-0.009997,57.84,-0.005861
2024-05-24,0.105,5.1508,148.38,26.22,-0.009867,29.7,-0.005373,57.86,0.000346
2024-05-27,0.105,5.1704,146.34,26.13,-0.003438,30.02,0.010717,58.06,0.003451
2024-05-28,0.105,5.1538,146.34,25.99,-0.005372,30.66,0.021095,56.8,-0.021941
2024-05-29,0.105,5.1972,146.4,25.81,-0.00695,30.62,-0.001305,56.23,-0.010086
2024-05-31,0.105,5.2416,197.94,25.55,-0.010125,31.47,0.027381,56.19,-0.000712
2024-06-03,0.105,5.2373,143.35,25.91,0.013992,31.3,-0.005417,55.01,-0.021224
2024-06-04,0.105,5.2687,141.83,26.0,0.003468,30.95,-0.011245,54.45,-0.010232
2024-06-05,0.105,5.2841,144.8,25.95,-0.001925,30.99,0.001292,53.68,-0.014242
2024-06-06,0.105,5.2681,143.35,26.28,0.012637,31.14,0.004829,54.42,0.013691
2024-06-07,0.105,5.2802,144.37,25.91,-0.014179,29.97,-0.038296,53.71,-0.013133
2024-06-10,0.105,5.3666,146.53,25.7,-0.008138,30.42,0.014903,54.3,0.010925
2024-06-11,0.105,5.3524,146.37,25.99,0.011221,30.55,0.004264,54.22,-0.001474
2024-06-12,0.105,5.3891,149.25,25.95,-0.00154,29.89,-0.021841,53.47,-0.013929
2024-06-13,0.105,5.3974,200.49,25.68,-0.010459,29.59,-0.010088,54.08,0.011344
2024-06-14,0.105,5.363,152.98,25.65,-0.001169,28.94,-0.022212,53.9,-0.003334
2024-06-17,0.105,5.413,158.11,26.28,0.024265,29.04,0.003449,53.68,-0.00409
2024-06-18,0.105,5.4074,159.23,26.26,-0.000761,29.95,0.030855,53.93,0.004646
2024-06-19,0.105,5.4647,158.04,26.47,0.007965,29.98,0.001001,54.1,0.003147
2024-06-20,0.105,5.4254,158.15,26.29,-0.006823,30.45,0.015556,54.59,0.009017
2024-06-21,0.105,5.4416,162.1,26.47,0.006823,30.61,0.005241,54.08,-0.009386
2024-06-24,0.105,5.4,165.01,26.85,0.014254,30.92,0.010076,54.15,0.001294
2024-06-25,0.105,5.429,161.07,26.94,0.003346,30.9,-0.000647,53.92,-0.004257
2024-06-26,0.105,5.5097,160.11,26.89,-0.001858,30.95,0.001617,54.59,0.012349
2024-06-27,0.105,5.5229,164.14,26.94,0.001858,31.46,0.016344,54.73,0.002561
2024-06-28,0.105,5.5589,166.94,26.91,-0.001114,31.75,0.009176,55.32,0.010723
2024-07-01,0.105,5.5893,169.97,26.79,-0.004469,32.23,0.015005,56.14,0.014714
2024-07-02,0.105,5.6677,169.03,27.13,0.012611,32.13,-0.003108,55.95,-0.00339
2024-07-03,0.105,5.5863,168.84,27.3,0.006247,31.57,-0.017583,57.06,0.019645
2024-07-04,0.105,5.4839,161.94,27.34,0.001464,31.14,-0.013714,56.78,-0.004919
2024-07-05,0.105,5.497,162.03,27.36,0.000731,31.3,0.005125,56.55,-0.004059
2024-07-08,0.105,5.472,156.0,27.31,-0.001829,32.07,0.024303,56.1,-0.007989
2024-07-09,0.105,5.4387,153.21,27.5,0.006933,32.06,-0.000312,56.03,-0.001249
2024-07-10,0.105,5.3967,153.2,27.79,0.01049,31.76,-0.009402,55.28,-0.013476
2024-07-11,0.105,5.41,147.29,27.96,0.006099,31.98,0.006903,55.13,-0.002717
2024-07-12,0.105,5.4529,148.12,27.8,-0.005739,31.83,-0.004701,55.94,0.014586
2024-07-15,0.105,5.4563,145.28,27.91,0.003949,32.12,0.00907,56.0,0.001072
2024-07-16,0.105,5.4274,148.28,28.07,0.005716,32.04,-0.002494,55.42,-0.010411
2024-07-17,0.105,5.467,148.24,28.38,0.010983,32.21,0.005292,54.9,-0.009427
2024-07-18,0.105,5.5426,152.22,28.25,-0.004591,32.15,-0.001865,54.39,-0.009333
2024-07-19,0.105,5.5543,152.22,28.46,0.007406,32.28,0.004035,54.34,-0.00092
2024-07-22,0.105,5.5598,157.2,28.45,-0.000351,31.64,-0.020026,54.28,-0.001105
2024-07-23,0.105,5.5807,153.22,28.41,-0.001407,31.23,-0.013043,53.55,-0.01354
2024-07-24,0.105,5.6346,153.17,28.36,-0.001761,31.48,0.007973,53.88,0.006144
2024-07-25,0.105,5.6402,159.08,28.24,-0.00424,31.44,-0.001271,53.85,-0.000557
2024-07-26,0.105,5.6465,158.12,28.45,0.007409,31.41,-0.000955,54.65,0.014747
2024-07-29,0.105,5.6479,155.11,28.66,0.007354,30.77,-0.020586,54.75,0.001828
2024-07-30,0.105,5.6532,156.16,28.55,-0.003845,30.58,-0.006194,53.54,-0.022348
2024-07-31,0.105,5.6621,156.16,28.15,-0.01411,31.21,0.020392,54.8,0.023261
2024-08-01,0.105,5.6681,158.01,27.74,-0.014672,30.74,-0.015174,53.57,-0.022701
2024-08-02,0.105,5.7366,162.89,27.39,-0.012697,29.81,-0.030721,52.82,-0.014099
2024-08-05,0.105,5.7646,170.45,27.39,0.0,29.79,-0.000671,52.55,-0.005125
2024-08-06,0.105,5.6528,176.81,28.0,0.022027,30.3,0.016975,52.82,0.005125
2024-08-07,0.105,5.6093,175.96,28.07,0.002497,30.26,-0.001321,52.71,-0.002085
2024-08-08,0.105,5.6172,170.9,27.97,-0.003569,30.75,0.016063,52.39,-0.006089
2024-08-09,0.105,5.5115,165.03,28.73,0.026809,30.46,-0.009476,52.59,0.00381
2024-08-12,0.105,5.4911,163.96,28.77,0.001391,31.15,0.0224,52.32,-0.005147
2024-08-13,0.105,5.4875,164.89,29.58,0.027765,30.96,-0.006118,52.09,-0.004406
2024-08-14,0.105,5.4502,160.92,30.32,0.024709,31.51,0.017609,51.61,-0.009258
2024-08-15,0.105,5.4651,156.13,30.8,0.015707,31.99,0.015118,51.82,0.004061
2024-08-16,0.105,5.4632,150.34,30.54,-0.008477,32.12,0.004056,51.68,-0.002705
2024-08-19,0.105,5.4237,151.15,30.72,0.005877,32.07,-0.001558,52.51,0.015933
2024-08-20,0.105,5.4547,145.3,30.95,0.007459,31.95,-0.003749,52.71,0.003802
2024-08-21,0.105,5.4707,147.19,30.82,-0.004209,31.76,-0.005965,53.73,0.019166
2024-08-22,0.105,5.5524,146.26,30.54,-0.009127,31.85,0.00283,53.8,0.001302
2024-08-23,0.105,5.5263,145.24,30.31,-0.00756,31.66,-0.005983,52.9,-0.01687
2024-08-26,0.105,5.4921,145.24,30.37,0.001978,33.95,0.069835,53.5,0.011278
2024-08-27,0.105,5.4969,142.9,30.41,0.001316,33.5,-0.013343,55.11,0.02965
2024-08-28,0.105,5.5315,141.89,31.06,0.021149,33.98,0.014227,54.71,-0.007285
2024-08-29,0.105,5.6358,143.87,30.72,-0.011007,33.75,-0.006792,54.65,-0.001097
2024-08-30,0.105,5.6562,144.87,30.51,-0.006859,33.78,0.000888,54.91,0.004746
2024-09-02,0.105,5.623,149.31,30.26,-0.008228,33.47,-0.009219,54.13,-0.014307
2024-09-03,0.105,5.6224,149.28,30.75,0.016063,33.06,-0.012325,52.12,-0.03784
2024-09-04,0.105,5.6359,158.07,30.97,0.007129,33.07,0.000302,52.52,0.007645
2024-09-05,0.105,5.6049,154.06,31.17,0.006437,32.87,-0.006066,52.9,0.007209
2024-09-06,0.105,5.5702,154.18,30.73,-0.014217,32.22,-0.019973,52.24,-0.012555
2024-09-09,0.105,5.6097,156.07,31.03,0.009715,32.57,0.010804,52.24,0.0
2024-09-10,0.105,5.6254,154.2,31.03,0.0,32.03,-0.016719,51.61,-0.012133
2024-09-11,0.105,5.6387,157.07,31.09,0.001932,32.0,-0.000937,53.07,0.027896
2024-09-12,0.105,5.6554,154.25,30.75,-0.010996,31.64,-0.011314,53.55,0.009004
2024-09-13,0.105,5.5717,152.23,30.78,0.000975,31.49,-0.004752,53.91,0.0067
2024-09-16,0.105,5.5207,152.18,30.77,-0.000325,31.93,0.013876,53.91,0.0
2024-09-17,0.105,5.501,151.22,30.7,-0.002278,31.78,-0.004709,53.65,-0.004835
2024-09-18,0.105,5.4767,147.36,30.52,-0.00588,31.02,-0.024205,53.03,-0.011624
2024-09-19,0.1075,5.4189,147.36,30.44,-0.002625,31.12,0.003219,53.66,0.01181
2024-09-20,0.1075,5.4775,136.45,30.11,-0.0109,31.11,-0.000321,52.85,-0.01521
2024-09-23,0.1075,5.5446,155.06,29.93,-0.005996,31.43,0.010234,53.02,0.003211
2024-09-24,0.1075,5.4702,155.06,29.92,-0.000334,31.56,0.004128,55.61,0.047694
2024-09-25,0.1075,5.4736,155.01,30.3,0.012621,31.79,0.007261,55.86,0.004486
2024-09-26,0.1075,5.4412,158.06,30.68,0.012463,31.11,-0.021622,59.21,0.058242
2024-09-27,0.1075,5.4431,153.16,30.8,0.003904,30.99,-0.003865,58.94,-0.00457
2024-09-30,0.1075,5.4481,153.03,30.26,-0.017688,30.9,-0.002908,58.53,-0.006981
2024-10-01,0.1075,5.4521,153.03,29.76,-0.016661,31.72,0.026191,58.82,0.004942
2024-10-02,0.1075,5.4305,151.09,29.94,0.00603,32.16,0.013776,59.14,0.005426
2024-10-03,0.1075,5.485,151.09,29.21,-0.024684,32.56,0.012361,58.0,-0.019465
2024-10-04,0.1075,5.4686,151.09,29.27,0.002052,32.47,-0.002768,57.58,-0.007268
2024-10-07,0.1075,5.4626,143.49,29.46,0.00647,32.93,0.014068,58.09,0.008818
2024-10-08,0.1075,5.5197,146.3,29.63,0.005754,32.26,-0.020556,56.33,-0.030766
2024-10-09,0.1075,5.5737,150.41,29.09,-0.018393,31.94,-0.009969,56.18,-0.002666
2024-10-10,0.1075,5.5819,149.23,29.25,0.005485,32.31,0.011518,56.45,0.004794
2024-10-11,0.1075,5.6263,151.12,29.03,-0.00755,32.28,-0.000929,57.26,0.014247
2024-10-14,0.1075,5.6045,151.12,29.22,0.006524,32.36,0.002475,57.07,-0.003324
2024-10-15,0.1075,5.6378,155.1,29.55,0.01123,32.09,-0.008379,56.37,-0.012341
2024-10-16,0.1075,5.6749,153.1,29.37,-0.00611,31.93,-0.004998,57.45,0.018978
2024-10-17,0.1075,5.6758,154.09,29.43,0.002041,31.69,-0.007545,56.0,-0.025563
2024-10-18,0.1075,5.6672,151.22,29.58,0.005084,31.6,-0.002844,55.8,-0.003578
2024-10-21,0.1075,5.7068,150.15,29.42,-0.005424,31.11,-0.015628,55.6,-0.003591
2024-10-22,0.1075,5.6958,154.25,29.48,0.002037,30.99,-0.003865,55.67,0.001258
2024-10-23,0.1075,5.7149,156.09,29.66,0.006087,30.6,-0.012665,54.7,-0.017578
2024-10-24,0.1075,5.7087,159.07,29.93,0.009062,30.81,0.006839,55.02,0.005833
2024-10-25,0.1075,5.6969,157.02,29.59,-0.011425,31.02,0.006793,56.89,0.033423
2024-10-28,0.1075,5.6988,157.09,29.95,0.012093,30.97,-0.001613,57.95,0.018461
2024-10-29,0.1075,5.714,157.09,29.63,-0.010742,30.9,-0.002263,57.75,-0.003457
2024-10-30,0.1075,5.7801,153.58,29.55,-0.002704,30.76,-0.004541,57.57,-0.003122
2024-10-31,0.1075,5.7779,154.19,29.36,-0.006451,30.81,0.001624,57.19,-0.006623
2024-11-01,0.1075,5.8073,157.57,29.2,-0.005464,30.39,-0.013726,57.17,-0.00035
2024-11-04,0.1075,5.7898,160.9,29.59,0.013268,30.46,0.002301,57.76,0.010267
2024-11-05,0.1075,5.7846,164.91,30.48,0.029634,30.37,-0.002959,57.25,-0.008869
2024-11-06,0.1075,5.7648,165.03,30.34,-0.004604,30.38,0.000329,56.6,-0.011419
2024-11-07,0.1125,5.6624,155.08,29.89,-0.014943,30.47,0.002958,58.58,0.034384
2024-11-08,0.1125,5.7648,153.44,29.42,-0.015849,31.05,0.018856,55.88,-0.047187
2024-11-11,0.1125,5.798,153.47,29.46,0.001359,31.11,0.001931,54.05,-0.033297
2024-11-12,0.1125,5.7694,153.49,29.1,-0.012295,31.69,0.018472,52.83,-0.02283
2024-11-13,0.1125,5.7713,160.64,28.95,-0.005168,31.65,-0.001263,52.68,-0.002843
2024-11-14,0.1125,5.7885,159.45,28.87,-0.002767,31.98,0.010373,52.38,-0.005711
2024-11-18,0.1125,5.7603,166.33,28.77,-0.00347,32.78,0.024708,53.04,0.012522
2024-11-19,0.1125,5.7743,163.32,29.03,0.008997,32.44,-0.010426,53.16,0.00226
2024-11-21,0.1125,5.8173,156.14,28.53,-0.017374,32.53,0.002771,53.1,-0.001129
2024-11-22,0.1125,5.8124,154.17,28.61,0.0028,33.83,0.039185,53.62,0.009745
2024-11-25,0.1125,5.8002,155.14,28.6,-0.00035,33.62,-0.006227,53.61,-0.000187
2024-11-26,0.1125,5.799,153.02,29.15,0.019048,33.58,-0.00119,52.93,-0.012765
2024-11-27,0.1125,5.8291,154.19,28.43,-0.02501,33.46,-0.00358,53.57,0.012019
2024-11-28,0.1125,5.9871,157.98,27.41,-0.036537,33.11,-0.010515,53.02,-0.01032
2024-11-29,0.1125,6.0535,161.52,27.34,-0.002557,33.38,0.008122,54.17,0.021458
2024-12-02,0.1125,6.0634,161.46,26.95,-0.014368,33.59,0.006271,54.3,0.002397
2024-12-03,0.1125,6.0707,168.91,27.26,0.011437,33.89,0.008892,53.89,-0.007579
2024-12-04,0.1125,6.0581,170.86,27.42,0.005852,33.68,-0.006216,52.83,-0.019866
2024-12-05,0.1125,5.9849,167.82,28.01,0.021289,34.01,0.00975,53.27,0.008294
2024-12-06,0.1125,6.0293,164.48,27.44,-0.02056,33.49,-0.015408,52.36,-0.01723
2024-12-09,0.1125,6.057,166.38,27.58,0.005089,34.36,0.025646,55.14,0.051732
2024-12-10,0.1125,6.0529,172.87,27.95,0.013326,34.49,0.003776,55.08,-0.001089
2024-12-11,0.1125,6.032,168.94,28.22,0.009614,34.83,0.00981,54.23,-0.015552
2024-12-12,0.1225,5.9408,163.04,27.52,-0.025118,34.21,-0.017961,52.73,-0.02805
2024-12-13,0.1225,6.04,166.5,27.16,-0.013168,33.99,-0.006452,51.94,-0.015095
2024-12-16,0.1225,6.0509,172.43,26.86,-0.011107,33.85,-0.004127,51.91,-0.000578
2024-12-17,0.1225,6.1685,180.65,27.01,0.005569,34.17,0.009409,52.17,0.004996
2024-12-18,0.1225,6.1624,187.02,26.24,-0.028922,33.29,-0.026091,50.96,-0.023467
2024-12-19,0.1225,6.1841,218.14,26.38,0.005321,33.15,-0.004214,50.0,-0.019018
2024-12-20,0.1225,6.078,208.05,26.69,0.011683,32.88,-0.008178,50.79,0.015676
2024-12-23,0.1225,6.1612,200.14,26.17,-0.019675,32.89,0.000304,51.0,0.004126
2024-12-26,0.1225,6.1656,198.24,26.34,0.006475,33.13,0.007271,51.15,0.002937
2024-12-27,0.1225,6.1991,198.24,26.08,-0.00992,33.03,-0.003023,50.9,-0.0049
2024-12-30,0.1225,6.1923,205.02,26.03,-0.001919,33.52,0.014726,50.72,-0.003543
2025-01-02,0.1225,6.2086,214.38,25.91,-0.004621,34.06,0.015981,50.44,-0.005536
2025-01-03,0.1225,6.1563,208.95,25.28,-0.024615,33.7,-0.010626,49.5,-0.018812
2025-01-06,0.1225,6.1119,199.17,26.41,0.043729,33.54,-0.004759,48.87,-0.012809
2025-01-07,0.1225,6.0741,192.35,26.7,0.010921,34.25,0.020948,48.4,-0.009664
2025-01-08,0.1225,6.1321,188.48,26.27,-0.016236,33.98,-0.007914,47.93,-0.009758
2025-01-09,0.1225,6.0896,192.75,26.34,0.002661,34.13,0.004405,47.63,-0.006279
2025-01-10,0.1225,6.0965,188.88,25.97,-0.014147,34.22,0.002634,47.9,0.005653
2025-01-13,0.1225,6.1079,197.49,26.16,0.00729,34.34,0.003501,47.89,-0.000209
2025-01-14,0.1225,6.0671,194.32,26.18,0.000764,34.11,-0.00672,48.21,0.00666
2025-01-15,0.1225,6.0377,192.29,27.31,0.042257,34.54,0.012527,48.91,0.014415
2025-01-16,0.1225,6.0322,186.2,27.23,-0.002934,34.32,-0.00639,48.97,0.001226
2025-01-17,0.1225,6.0609,187.34,27.42,0.006953,34.46,0.004071,50.67,0.034126
2025-01-20,0.1225,6.0498,186.0,27.69,0.009799,34.54,0.002319,50.48,-0.003757
2025-01-21,0.1225,6.044,180.59,27.74,0.001804,34.55,0.000289,50.23,-0.004965
2025-01-22,0.1225,5.9674,181.57,27.64,-0.003611,34.36,-0.005514,48.96,-0.025609
2025-01-23,0.1225,5.9399,175.29,27.58,-0.002173,34.12,-0.007009,48.65,-0.006352
2025-01-24,0.1225,5.8925,172.8,27.52,-0.002178,33.94,-0.005289,49.31,0.013475
2025-01-27,0.1225,5.9272,173.72,28.18,0.023699,34.44,0.014624,50.17,0.01729
2025-01-28,0.1225,5.893,179.51,28.23,0.001773,34.39,-0.001453,48.95,-0.024618
2025-01-29,0.1225,5.8596,178.71,28.16,-0.002483,34.18,-0.006125,49.09,0.002856
2025-01-30,0.1325,5.9006,177.29,28.85,0.024207,34.63,0.01308,51.17,0.041498
2025-01-31,0.1325,5.8301,177.15,28.66,-0.006608,34.91,0.008053,50.37,-0.015758
2025-02-03,0.1325,5.8687,174.78,28.4,-0.009113,34.74,-0.004882,50.4,0.000595
2025-02-04,0.1325,5.7927,177.28,28.5,0.003515,34.39,-0.010126,50.23,-0.003379
2025-02-05,0.1325,5.7997,171.26,28.93,0.014975,34.14,-0.007296,50.5,0.005361
2025-02-06,0.1325,5.7856,172.67,28.98,0.001727,34.08,-0.001759,51.26,0.014937
2025-02-07,0.1325,5.7557,172.82,28.77,-0.007273,33.88,-0.005886,50.98,-0.005477
2025-02-10,0.1325,5.7808,170.93,29.08,0.010717,34.12,0.007059,51.51,0.010343
2025-02-11,0.1325,5.7788,171.8,29.39,0.010604,34.12,0.0,51.29,-0.00428
2025-02-12,0.1325,5.7711,171.85,28.57,-0.028297,33.61,-0.01506,50.94,-0.006847
2025-02-13,0.1325,5.7788,168.05,28.73,0.005585,33.64,0.000892,51.01,0.001373
2025-02-14,0.1325,5.7283,167.79,29.49,0.026109,34.68,0.030447,51.76,0.014596
2025-02-17,0.1325,5.7105,165.83,29.55,0.002033,34.89,0.006037,51.48,-0.005424
2025-02-18,0.1325,5.6979,165.93,29.5,-0.001693,35.53,0.018177,51.83,0.006776
2025-02-19,0.1325,5.7087,163.57,29.22,-0.009537,35.61,0.002249,51.78,-0.000965
2025-02-20,0.1325,5.7019,164.46,29.14,-0.002742,35.66,0.001403,53.69,0.036223
2025-02-21,0.1325,5.7027,164.47,29.06,-0.002749,35.56,-0.002808,54.08,0.007238
2025-02-24,0.1325,5.7258,168.29,28.9,-0.005521,35.31,-0.007055,53.58,-0.009289
2025-02-25,0.1325,5.7779,170.37,29.19,0.009985,35.15,-0.004542,53.06,-0.009753
2025-02-26,0.1325,5.7757,170.75,29.12,-0.002401,35.15,0.0,52.74,-0.006049
2025-02-27,0.1325,5.8228,170.84,29.09,-0.001031,33.91,-0.035915,52.35,-0.007422
2025-02-28,0.1325,5.8488,176.29,28.38,-0.02471,33.28,-0.018753,51.28,-0.020651
2025-03-05,0.1325,5.7914,178.77,28.8,0.014691,32.07,-0.037036,51.69,0.007964
2025-03-06,0.1325,5.7489,173.83,28.86,0.002081,31.74,-0.010343,52.26,0.010967
2025-03-07,0.1325,5.7688,173.79,28.98,0.004149,32.08,0.010655,53.02,0.014438
2025-03-10,0.1325,5.793,178.08,29.24,0.008932,32.07,-0.000312,52.16,-0.016353
2025-03-11,0.1325,5.8346,178.33,28.98,-0.008932,31.59,-0.01508,52.59,0.00821
2025-03-12,0.1325,5.8268,174.93,29.07,0.003101,31.59,0.0,51.94,-0.012437
2025-03-13,0.1325,5.8131,178.2,29.54,0.016039,31.9,0.009765,52.65,0.013577
2025-03-14,0.1325,5.7419,173.96,30.5,0.031981,32.88,0.030259,54.38,0.03233
2025-03-17,0.1325,5.7082,174.88,31.42,0.029718,33.5,0.018681,55.16,0.014242
2025-03-18,0.1325,5.6852,170.39,31.59,0.005396,33.52,0.000597,55.57,0.007405
2025-03-19,0.1325,5.6657,167.39,31.67,0.002529,33.5,-0.000597,55.47,-0.001801
2025-03-20,0.1425,5.6628,189.73,31.37,-0.009518,33.57,0.002087,55.3,-0.003069
2025-03-21,0.1425,5.7241,190.23,31.44,0.002229,34.09,0.015371,55.5,0.00361
2025-03-24,0.1425,5.7403,182.63,31.47,0.000954,34.04,-0.001468,55.21,-0.005239
2025-03-25,0.1425,5.6992,179.45,31.72,0.007913,34.31,0.007901,55.4,0.003435
2025-03-26,0.1425,5.7298,181.99,31.38,-0.010777,34.63,0.009284,55.73,0.005939
2025-03-27,0.1425,5.7474,180.98,31.42,0.001274,34.89,0.00748,56.18,0.008042
2025-03-28,0.1425,5.766,185.17,30.99,-0.01378,34.67,-0.006325,55.61,-0.010198
2025-03-31,0.1425,5.7422,188.36,30.72,-0.008751,34.42,-0.007237,54.78,-0.015038
2025-04-01,0.1425,5.7051,182.86,30.72,0.0,34.55,0.00377,55.25,0.008543
2025-04-02,0.1425,5.6923,184.04,30.73,0.000325,34.46,-0.002608,55.0,-0.004535
2025-04-03,0.1425,5.6067,188.78,31.28,0.01774,33.35,-0.032741,53.01,-0.036853
2025-04-04,0.1425,5.7777,199.72,30.47,-0.026236,32.0,-0.041322,50.89,-0.040814
2025-04-07,0.1425,5.8877,200.24,30.53,0.001967,30.73,-0.040497,50.29,-0.01186
2025-04-08,0.1425,5.9368,210.58,30.54,0.000327,29.64,-0.036115,47.53,-0.056445
2025-04-09,0.1425,6.0605,185.9,31.1,0.018171,30.85,0.040012,50.09,0.05246
2025-04-10,0.1425,5.9115,197.98,30.97,-0.004189,28.93,-0.064258,50.99,0.017808
2025-04-11,0.1425,5.8737,198.35,31.13,0.005153,29.5,0.019511,51.84,0.016533
2025-04-14,0.1425,5.8425,192.94,31.63,0.015934,29.39,-0.003736,52.52,0.013032
2025-04-15,0.1425,5.8707,191.18,32.04,0.012879,28.72,-0.023061,51.99,-0.010143
2025-04-16,0.1425,5.8808,198.93,31.99,-0.001562,28.72,0.0,50.78,-0.023549
2025-04-17,0.1425,5.8559,194.17,32.05,0.001874,29.28,0.019311,51.09,0.006086
2025-04-22,0.1425,5.7496,198.19,32.67,0.01916,29.35,0.002388,52.0,0.017655
2025-04-23,0.1425,5.688,191.31,33.36,0.0209,29.02,-0.011307,52.61,0.011662
2025-04-24,0.1425,5.6738,184.83,34.0,0.019003,28.88,-0.004836,53.43,0.015466
2025-04-25,0.1425,5.6846,182.49,33.88,-0.003536,28.97,0.003111,52.02,-0.026744
2025-04-28,0.1425,5.6681,182.46,34.24,0.01057,28.86,-0.003804,52.21,0.003646
2025-04-29,0.1425,5.6467,180.45,34.51,0.007855,29.01,0.005184,52.01,-0.003838
2025-04-30,0.1425,5.6608,181.91,34.81,0.008656,28.47,-0.01879,51.07,-0.018239
2025-05-02,0.1425,5.6394,179.77,34.72,-0.002589,29.25,0.027029,51.01,-0.001176
2025-05-05,0.1425,5.652,179.57,34.11,-0.017725,28.15,-0.038332,51.16,0.002936
2025-05-06,0.1425,5.721,179.98,33.93,-0.005291,28.62,0.016558,51.2,0.000782
2025-05-07,0.1425,5.7375,177.63,34.3,0.010846,28.75,0.004532,51.11,-0.001759
2025-05-08,0.1475,5.686,177.84,34.58,0.00813,29.15,0.013817,50.95,-0.003135
2025-05-09,0.1475,5.6511,177.07,36.45,0.052666,29.34,0.006497,51.15,0.003918
2025-05-12,0.1475,5.6822,163.1,35.71,-0.020511,30.04,0.023578,52.44,0.024907
2025-05-13,0.1475,5.6262,161.97,36.15,0.012246,30.5,0.015197,53.3,0.016267
2025-05-14,0.1475,5.61,162.5,36.4,0.006892,30.29,-0.006909,53.04,-0.00489
2025-05-15,0.1475,5.6328,164.77,36.89,0.013372,30.25,-0.001321,53.57,0.009943
2025-05-16,0.1475,5.6925,164.93,37.1,0.005676,30.39,0.004617,53.61,0.000746
2025-05-19,0.1475,5.6591,165.37,37.54,0.01179,30.36,-0.000988,53.46,-0.002802
2025-05-20,0.1475,5.662,161.49,37.49,-0.001333,30.48,0.003945,53.47,0.000187
2025-05-21,0.1475,5.6571,164.99,36.74,-0.020208,30.14,-0.011218,52.79,-0.012799
2025-05-22,0.1475,5.639,167.82,36.49,-0.006828,29.74,-0.01336,52.39,-0.007606
2025-05-23,0.1475,5.6932,168.78,36.93,0.011986,29.81,0.002351,52.48,0.001716
2025-05-26,0.1475,5.6619,168.86,37.01,0.002164,29.71,-0.00336,52.18,-0.005733
2025-05-27,0.1475,5.6539,162.94,37.3,0.007805,29.93,0.007378,52.01,-0.003263
2025-05-28,0.1475,5.6936,163.03,37.0,-0.008075,29.83,-0.003347,51.6,-0.007914
2025-05-29,0.1475,5.6559,161.39,36.7,-0.008141,29.65,-0.006052,51.64,0.000775
2025-05-30,0.1475,5.7087,160.44,36.64,-0.001636,29.33,-0.010851,50.33,-0.025695
2025-06-02,0.1475,5.6937,157.1,36.39,-0.006847,29.5,0.005779,50.78,0.008901
2025-06-03,0.1475,5.6694,155.1,36.27,-0.003303,29.51,0.000339,50.75,-0.000591
2025-06-04,0.1475,5.6332,156.44,36.18,-0.002484,28.7,-0.027832,50.98,0.004522
2025-06-05,0.1475,5.5969,160.06,35.74,-0.012236,28.71,0.000348,51.12,0.002742
2025-06-06,0.1475,5.5947,157.24,35.83,0.002515,29.01,0.010395,51.18,0.001173
2025-06-09,0.1475,5.576,155.51,35.64,-0.005317,28.52,-0.017035,51.48,0.005845
2025-06-10,0.1475,5.5557,154.58,35.59,-0.001404,29.38,0.029709,51.83,0.006776
2025-06-11,0.1475,5.539,151.06,35.91,0.008951,30.36,0.032812,51.38,-0.00872
2025-06-12,0.1475,5.5388,149.62,36.19,0.007767,31.05,0.022473,51.04,-0.006639
2025-06-13,0.1475,5.5652,152.18,35.75,-0.012233,31.81,0.024182,50.36,-0.013412
2025-06-16,0.1475,5.5123,151.2,36.41,0.018293,31.5,-0.009793,52.01,0.032239
2025-06-17,0.1475,5.4773,151.6,36.62,0.005751,32.21,0.022289,49.67,-0.046035
2025-06-18,0.1475,5.4879,156.08,36.41,-0.005751,32.18,-0.000932,49.5,-0.003428
2025-06-20,0.15,5.4957,156.55,36.22,-0.005232,32.09,-0.002801,48.23,-0.025991
2025-06-23,0.15,5.5213,155.49,36.14,-0.002211,31.29,-0.025246,48.84,0.012568
2025-06-24,0.15,5.4938,149.69,36.82,0.018641,30.67,-0.020014,48.83,-0.000205
2025-06-25,0.15,5.5427,150.7,36.16,-0.018088,30.52,-0.004903,48.77,-0.00123
2025-06-26,0.15,5.5145,152.09,35.89,-0.007495,30.76,0.007833,50.24,0.029696
2025-06-27,0.15,5.4759,151.19,35.85,-0.001115,30.52,-0.007833,51.08,0.016582
2025-06-30,0.15,5.4571,147.7,36.53,0.01879,30.68,0.005229,50.87,-0.00412
2025-07-01,0.15,5.4511,145.31,36.69,0.00437,30.79,0.003579,51.55,0.013279
2025-07-02,0.15,5.4512,144.79,36.39,-0.00821,31.34,0.017705,53.43,0.03582
2025-07-03,0.15,5.4208,139.43,37.29,0.024431,31.45,0.003504,53.17,-0.004878
2025-07-04,0.15,5.409,139.37,37.31,0.000536,31.41,-0.001273,53.33,0.003005
2025-07-07,0.15,5.4552,143.81,36.82,-0.01322,31.35,-0.001912,52.55,-0.014734
2025-07-08,0.15,5.4571,144.81,36.73,-0.002447,31.8,0.014252,52.73,0.003419
2025-07-09,0.15,5.4626,141.3,35.97,-0.020909,31.6,-0.006309,52.21,-0.009911
2025-07-10,0.15,5.5433,147.76,34.86,-0.031345,31.52,-0.002535,53.41,0.022724
2025-07-11,0.15,5.5722,147.78,34.57,-0.008354,31.91,0.012297,54.1,0.012836
2025-07-14,0.15,5.5595,147.76,34.52,-0.001447,31.49,-0.013249,53.48,-0.011526
2025-07-15,0.15,5.5576,147.82,34.63,0.003181,31.24,-0.007971,52.08,-0.026527
2025-07-16,0.15,5.5722,150.15,34.8,0.004897,31.08,-0.005135,52.56,0.009174
2025-07-17,0.15,5.5737,147.78,35.33,0.015115,30.77,-0.010024,52.46,-0.001904
2025-07-18,0.15,5.5466,145.75,34.68,-0.018569,30.3,-0.015392,52.71,0.004754
2025-07-21,0.15,5.5625,145.76,35.09,0.011753,30.36,0.001978,54.15,0.026953
2025-07-22,0.15,5.5709,147.23,34.61,-0.013774,30.65,0.009507,55.55,0.025526
2025-07-23,0.15,5.5537,147.32,35.0,0.011205,31.28,0.020346,55.47,-0.001441
2025-07-24,0.15,5.5239,144.83,34.67,-0.009473,31.23,-0.0016,54.61,-0.015625
2025-07-25,0.15,5.5426,147.28,34.82,0.004317,31.27,0.00128,53.81,-0.014758
2025-07-28,0.15,5.5877,147.26,34.09,-0.021188,31.31,0.001278,53.29,-0.009711
2025-07-29,0.15,5.5764,149.21,34.29,0.00585,31.72,0.01301,52.96,-0.006212
2025-07-30,0.15,5.6034,150.26,34.68,0.011309,32.04,0.010038,52.01,-0.018101
2025-07-31,0.15,5.6021,147.75,34.77,0.002592,31.92,-0.003752,51.65,-0.006946
2025-08-01,0.15,5.5436,151.97,34.56,-0.006058,31.5,-0.013245,51.93,0.005406
2025-08-04,0.15,5.5113,149.26,34.93,0.010649,31.45,-0.001589,52.34,0.007864
2025-08-05,0.15,5.5119,150.75,35.31,0.01082,31.59,0.004442,52.28,-0.001147
2025-08-06,0.15,5.4802,149.26,35.76,0.012664,31.63,0.001265,51.95,-0.006332
2025-08-07,0.15,5.4638,144.83,36.39,0.017464,31.81,0.005675,52.32,0.007097
2025-08-08,0.15,5.4254,141.41,36.64,0.006847,29.85,-0.063596,53.51,0.02249
2025-08-11,0.15,5.4473,138.41,36.87,0.006258,30.04,0.006345,53.45,-0.001122
2025-08-12,0.15,5.4052,136.92,37.63,0.020403,30.12,0.00266,54.01,0.010423
2025-08-13,0.15,5.3928,133.94,37.27,-0.009613,29.89,-0.007665,54.09,0.00148
2025-08-14,0.15,5.4095,136.48,37.22,-0.001342,29.51,-0.012795,53.42,-0.012464
2025-08-15,0.15,5.3928,136.45,37.1,-0.003229,29.5,-0.000339,53.32,-0.001874
2025-08-18,0.15,5.4155,137.95,37.36,0.006984,29.69,0.00642,53.2,-0.002253
2025-08-19,0.15,5.4716,138.89,36.28,-0.029334,29.37,-0.010837,53.24,0.000752
2025-08-20,0.15,5.4726,141.84,36.3,0.000551,29.55,0.00611,53.0,-0.004518
2025-08-21,0.15,5.4828,141.43,36.34,0.001101,29.62,0.002366,53.45,0.008455
2025-08-22,0.15,5.4392,138.33,37.36,0.027682,30.47,0.028293,54.79,0.024761
2025-08-25,0.15,5.4174,138.95,37.17,-0.005099,30.65,0.00589,54.92,0.00237
2025-08-26,0.15,5.4218,139.88,36.92,-0.006749,30.43,-0.007204,55.41,0.008883
2025-08-27,0.15,5.4428,138.91,37.54,0.016654,30.66,0.00753,55.38,-0.000542
2025-08-28,0.15,5.4115,135.47,38.32,0.020565,30.93,0.008768,55.4,0.000361
2025-08-29,0.15,5.4264,136.82,38.45,0.003387,31.1,0.005481,55.56,0.002884
2025-09-01,0.15,5.4378,136.66,38.76,0.00803,31.17,0.002248,55.6,0.00072
2025-09-02,0.15,5.468,139.48,38.1,-0.017175,31.33,0.00512,55.39,-0.003784
2025-09-03,0.15,5.4485,137.97,37.77,-0.008699,31.06,-0.008655,55.6,0.003784
2025-09-04,0.15,5.4587,136.81,37.92,0.003964,31.06,0.0,55.71,0.001976
2025-09-05,0.15,5.3968,136.64,38.34,0.011015,30.59,-0.015248,56.22,0.009113
2025-09-08,0.15,5.4278,136.81,38.16,-0.004706,30.71,0.003915,56.36,0.002487
2025-09-09,0.15,5.4278,137.83,37.83,-0.008685,30.95,0.007785,56.19,-0.003021
2025-09-10,0.15,5.4123,133.67,37.86,0.000793,31.51,0.017932,56.58,0.006917
2025-09-11,0.15,5.3858,129.19,37.93,0.001847,31.39,-0.003816,57.02,0.007747
2025-09-12,0.15,5.3677,132.52,37.36,-0.015142,31.18,-0.006713,57.0,-0.000351
2025-09-15,0.15,5.3208,130.02,37.98,0.016459,31.45,0.008622,57.5,0.008734
2025-09-16,0.15,5.3096,128.36,37.88,-0.002636,31.53,0.00254,57.7,0.003472
2025-09-17,0.15,5.3011,126.39,38.42,0.014155,31.72,0.006008,57.8,0.001732
2025-09-18,0.15,5.301,125.89,38.47,0.001301,31.41,-0.009821,57.69,-0.001905
2025-09-19,0.15,5.3276,126.22,38.98,0.01317,31.06,-0.011205,57.92,0.003979
2025-09-22,0.15,5.3457,136.82,38.42,-0.014471,31.37,0.009931,58.0,0.00138
2025-09-23,0.15,5.3063,134.82,39.03,0.015752,31.9,0.016754,57.67,-0.005706
2025-09-24,0.15,5.3112,134.67,38.77,-0.006684,32.62,0.02232,57.89,0.003808
2025-09-25,0.15,5.3425,137.17,38.46,-0.008028,32.36,-0.008003,58.21,0.005513
2025-09-26,0.15,5.3445,137.8,38.65,0.004928,32.25,-0.003405,57.09,-0.019428
2025-09-29,0.15,5.3229,136.14,38.87,0.005676,31.81,-0.013737,57.28,0.003323
2025-09-30,0.15,5.3186,135.81,39.05,0.00462,31.46,-0.011064,57.58,0.005224
2025-10-01,0.15,5.3208,135.13,38.35,-0.018088,31.38,-0.002546,58.31,0.012598
