Data,Taxa Selic - a.a.,Taxa Cambio u.m.c./US$,CDS,Itau,Petrobras,Vale Rio Doce
2020-10-05,0.02,5.6299,231.25,15.92,5.93,36.24
2020-10-06,0.02,5.5205,228.85,15.95,5.9,35.65
2020-10-07,0.02,5.6018,224.85,15.83,5.86,36.6
2020-10-08,0.02,5.62,221.13,16.78,6.06,37.28
2020-10-09,0.02,5.5393,213.87,16.74,5.87,37.47
2020-10-13,0.02,5.5859,216.48,16.58,5.96,37.79
2020-10-14,0.02,5.5675,220.32,16.53,5.92,38.32
2020-10-15,0.02,5.6172,221.2,16.38,5.85,37.99
2020-10-16,0.02,5.6226,217.11,16.11,5.73,37.85
2020-10-19,0.02,5.6023,217.28,16.29,5.78,37.68
2020-10-20,0.02,5.583,215.38,16.94,5.98,37.61
2020-10-21,0.02,5.6006,212.68,17.09,5.97,38.23
2020-10-22,0.02,5.582,214.22,17.97,6.17,38.38
2020-10-23,0.02,5.612,209.65,17.74,6.09,38.59
2020-10-26,0.02,5.6328,212.26,17.87,6.0,38.01
2020-10-27,0.02,5.6491,210.48,17.36,5.89,38.03
2020-10-28,0.02,5.7325,218.31,16.58,5.53,36.65
2020-10-29,0.02,5.7803,216.12,16.67,5.71,37.72
2020-10-30,0.02,5.7718,215.33,16.37,5.61,36.83
2020-11-03,0.02,5.6895,209.43,16.77,5.82,38.52
2020-11-04,0.02,5.6932,203.68,17.44,5.84,37.45
2020-11-05,0.02,5.5624,191.59,17.86,5.89,38.04
2020-11-06,0.02,5.5313,186.94,17.83,5.85,38.43
2020-11-09,0.02,5.2821,164.74,19.28,6.4,38.43
2020-11-10,0.02,5.3696,165.7,20.15,6.84,38.41
2020-11-12,0.02,5.4094,177.34,19.5,6.49,38.12
2020-11-13,0.02,5.4854,179.67,19.87,6.7,38.47
2020-11-16,0.02,5.4198,175.44,20.56,6.9,39.48
2020-11-17,0.02,5.3968,176.21,20.58,7.02,40.73
2020-11-18,0.02,5.2932,173.02,20.07,6.98,40.42
2020-11-19,0.02,5.333,173.74,20.1,7.06,41.19
2020-11-23,0.02,5.3828,171.67,20.17,7.44,43.36
2020-11-24,0.02,5.4037,167.08,20.73,7.77,45.49
2020-11-25,0.02,5.3508,166.36,20.49,7.78,45.92
2020-11-26,0.02,5.3201,166.37,20.05,7.65,46.57
2020-11-27,0.02,5.3494,163.86,20.21,7.55,47.71
2020-11-30,0.02,5.3317,165.49,19.93,7.38,47.44
2020-12-01,0.02,5.2789,155.96,20.77,7.58,49.42
2020-12-02,0.02,5.2267,155.73,20.93,7.68,48.56
2020-12-03,0.02,5.1625,152.92,20.92,7.89,48.02
2020-12-04,0.02,5.1706,151.93,21.13,8.16,49.86
2020-12-07,0.02,5.1018,154.34,21.25,8.0,50.45
2020-12-08,0.02,5.092,154.22,21.2,7.9,50.42
2020-12-09,0.02,5.1109,154.62,21.32,7.98,50.3
2020-12-10,0.02,5.0852,153.47,22.03,8.24,51.7
2020-12-11,0.02,5.0691,153.7,21.9,8.17,51.61
2020-12-14,0.02,5.0578,150.42,21.6,8.18,50.82
2020-12-15,0.02,5.0968,149.23,21.8,8.25,51.39
2020-12-16,0.02,5.1057,148.73,22.21,8.35,52.44
2020-12-17,0.02,5.0612,146.86,22.18,8.37,53.04
2020-12-18,0.02,5.0986,148.76,22.15,8.32,53.4
2020-12-21,0.02,5.1572,150.62,21.76,8.0,52.83
2020-12-22,0.02,5.1473,149.27,21.86,8.08,52.88
2020-12-23,0.02,5.174,146.88,22.34,8.28,53.13
2020-12-28,0.02,5.239,144.1,22.5,8.35,53.1
2020-12-29,0.02,5.1942,142.48,22.46,8.37,52.96
2020-12-30,0.02,5.1967,142.23,22.13,8.4,53.19
2021-01-04,0.02,5.1626,140.98,21.63,8.56,55.63
2021-01-05,0.02,5.3269,146.4,21.49,8.9,56.56
2021-01-06,0.02,5.3182,146.89,22.12,8.92,58.42
2021-01-07,0.02,5.3433,151.74,22.98,9.18,62.23
2021-01-08,0.02,5.3683,155.0,22.97,9.22,62.04
2021-01-11,0.02,5.4966,160.36,22.45,9.14,62.03
2021-01-12,0.02,5.4637,161.44,22.52,9.07,60.33
2021-01-13,0.02,5.307,157.69,22.15,8.64,58.52
2021-01-14,0.02,5.2617,159.35,22.81,8.72,59.48
2021-01-15,0.02,5.2714,167.76,21.95,8.33,56.9
2021-01-18,0.02,5.2788,167.76,21.84,8.32,57.36
2021-01-19,0.02,5.2945,168.21,21.58,8.5,57.21
2021-01-20,0.02,5.3033,165.74,21.22,8.36,56.15
2021-01-21,0.02,5.3166,168.63,20.93,8.16,56.78
2021-01-22,0.02,5.4301,171.93,20.49,8.03,56.67
2021-01-26,0.02,5.3865,175.24,19.81,8.0,55.8
2021-01-27,0.02,5.3824,176.81,19.81,8.12,54.25
2021-01-28,0.02,5.4282,170.14,20.6,8.22,55.41
2021-01-29,0.02,5.4759,171.67,19.87,7.91,53.49
2021-02-01,0.02,5.4608,166.22,20.4,8.16,55.51
2021-02-02,0.02,5.3875,156.92,19.96,8.49,53.32
2021-02-03,0.02,5.3423,152.16,19.86,8.57,55.0
2021-02-04,0.02,5.391,149.16,19.78,8.54,54.31
2021-02-05,0.02,5.3884,147.62,19.7,8.54,56.37
2021-02-08,0.02,5.367,149.03,19.33,8.33,57.18
2021-02-09,0.02,5.4216,155.61,19.56,8.16,57.32
2021-02-10,0.02,5.4024,154.98,19.42,8.24,57.6
2021-02-11,0.02,5.3626,152.98,19.42,8.32,56.62
2021-02-12,0.02,5.3815,152.8,19.47,8.43,57.1
2021-02-17,0.02,5.4138,157.59,19.72,8.77,58.6
2021-02-18,0.02,5.4238,158.82,19.58,8.67,59.24
2021-02-19,0.02,5.3924,162.07,19.37,8.1,59.46
2021-02-22,0.02,5.5044,180.89,17.96,6.42,57.99
2021-02-23,0.02,5.449,175.63,19.11,7.13,58.97
2021-02-24,0.02,5.4182,170.73,18.83,7.23,59.56
2021-02-25,0.02,5.46,185.01,18.24,6.87,58.21
2021-02-26,0.02,5.5302,193.87,18.02,6.59,57.49
2021-03-01,0.02,5.5832,183.74,17.48,6.52,59.95
2021-03-02,0.02,5.6844,192.99,18.19,6.51,61.79
2021-03-03,0.02,5.7342,191.41,18.23,6.28,61.03
2021-03-04,0.02,5.6008,193.69,18.8,6.58,60.13
2021-03-05,0.02,5.687,194.22,19.5,6.63,63.69
2021-03-08,0.02,5.7343,212.29,18.88,6.25,63.35
2021-03-09,0.02,5.8397,211.61,19.14,6.4,62.72
2021-03-10,0.02,5.7449,208.78,19.28,6.62,61.75
2021-03-11,0.02,5.589,195.99,19.31,6.9,63.37
2021-03-12,0.02,5.564,198.6,19.18,6.86,61.91
2021-03-15,0.02,5.6296,200.18,19.41,7.01,61.54
2021-03-16,0.02,5.5851,198.0,19.02,6.9,61.34
2021-03-17,0.02,5.6579,193.84,19.76,7.13,62.23
2021-03-18,0.0275,5.5474,195.06,19.87,6.88,61.12
2021-03-19,0.0275,5.5082,190.08,19.91,7.11,60.24
2021-03-22,0.0275,5.5269,196.62,20.02,6.97,59.24
2021-03-23,0.0275,5.4951,203.1,19.52,6.75,57.88
2021-03-24,0.0275,5.533,207.98,19.18,6.76,59.21
2021-03-25,0.0275,5.6585,216.54,19.52,6.87,58.76
2021-03-26,0.0275,5.7042,218.24,19.85,6.95,60.72
2021-03-29,0.0275,5.7925,225.06,19.84,7.06,62.28
2021-03-30,0.0275,5.7642,228.15,20.17,7.06,61.7
2021-03-31,0.0275,5.6973,221.5,19.78,7.14,62.27
2021-04-01,0.0275,5.6849,220.8,19.17,7.08,61.9
2021-04-05,0.0275,5.6579,220.96,19.42,7.12,65.72
2021-04-06,0.0275,5.6263,216.3,19.2,7.12,64.86
2021-04-07,0.0275,5.5864,220.98,19.03,7.11,66.46
2021-04-08,0.0275,5.5817,218.14,18.88,7.02,66.42
2021-04-09,0.0275,5.6445,218.7,18.85,7.01,65.47
2021-04-12,0.0275,5.6582,219.16,19.32,7.08,65.72
2021-04-13,0.0275,5.7064,216.86,19.31,7.1,65.84
2021-04-14,0.0275,5.6936,214.27,19.56,7.21,68.01
2021-04-15,0.0275,5.6234,206.47,19.56,7.07,68.78
2021-04-16,0.0275,5.6328,199.09,19.78,7.03,69.07
2021-04-19,0.0275,5.575,194.66,19.48,7.43,68.47
2021-04-20,0.0275,5.5266,197.13,19.38,7.29,67.48
2021-04-22,0.0275,5.497,191.54,19.39,7.26,67.52
2021-04-23,0.0275,5.4787,188.63,19.48,7.25,68.64
2021-04-26,0.0275,5.4566,189.79,19.46,7.28,69.01
2021-04-27,0.0275,5.4424,192.97,19.17,7.07,69.99
2021-04-28,0.0275,5.4005,191.51,20.0,7.33,71.14
2021-04-29,0.0275,5.3662,188.89,19.37,7.23,71.16
2021-04-30,0.0275,5.4036,189.56,19.52,7.23,69.29
2021-05-03,0.0275,5.4087,190.78,19.79,7.17,68.94
2021-05-04,0.0275,5.4505,192.77,18.95,7.01,69.98
2021-05-05,0.0275,5.3872,190.11,19.49,7.3,70.37
2021-05-06,0.035,5.2897,183.39,19.37,7.2,73.13
2021-05-07,0.035,5.2217,174.98,19.6,7.47,73.38
2021-05-10,0.035,5.2227,171.28,19.89,7.56,72.9
2021-05-11,0.035,5.2403,173.38,19.85,7.7,75.46
2021-05-12,0.035,5.2353,177.79,19.56,7.59,72.67
2021-05-13,0.035,5.2815,176.66,20.13,7.65,71.5
2021-05-14,0.035,5.2701,174.44,20.57,8.05,70.27
2021-05-17,0.035,5.2755,175.88,20.56,8.16,72.12
2021-05-18,0.035,5.2588,178.01,20.52,8.07,72.84
2021-05-19,0.035,5.2822,180.21,20.66,8.01,71.35
2021-05-20,0.035,5.2905,176.42,20.78,7.94,70.62
2021-05-21,0.035,5.3027,177.11,20.88,7.95,69.54
2021-05-24,0.035,5.3198,176.49,20.82,8.08,69.78
2021-05-25,0.035,5.3143,176.09,20.61,7.91,68.04
2021-05-26,0.035,5.3164,174.43,20.89,7.99,70.04
2021-05-27,0.035,5.284,171.6,20.71,7.93,70.55
2021-05-28,0.035,5.2281,170.79,21.05,8.26,70.93
2021-05-31,0.035,5.2322,170.81,20.99,8.23,72.96
2021-06-01,0.035,5.1636,166.96,21.75,8.36,71.95
2021-06-02,0.035,5.1147,163.22,22.48,8.53,72.97
2021-06-04,0.035,5.0666,162.23,22.95,8.73,71.76
2021-06-07,0.035,5.0498,161.74,23.49,8.66,71.06
2021-06-08,0.035,5.0489,160.86,23.33,8.78,69.87
2021-06-09,0.035,5.0533,159.33,23.65,8.78,71.32
2021-06-10,0.035,5.0635,158.91,23.56,8.78,71.08
2021-06-11,0.035,5.119,158.89,23.28,8.75,72.68
2021-06-14,0.035,5.0707,161.35,23.2,8.8,72.28
2021-06-15,0.035,5.0874,161.91,23.2,8.89,70.87
2021-06-16,0.035,5.0207,163.38,23.67,8.92,68.74
2021-06-17,0.0425,5.0359,163.41,23.39,8.61,67.31
2021-06-18,0.0425,5.0314,166.21,22.96,8.67,69.34
2021-06-21,0.0425,5.0373,164.83,23.07,8.86,69.99
2021-06-22,0.0425,5.0178,163.97,22.77,8.91,70.81
2021-06-23,0.0425,4.9519,161.74,22.61,8.97,71.87
2021-06-24,0.0425,4.9277,159.04,22.61,9.08,71.97
2021-06-25,0.0425,4.9206,157.19,21.9,8.91,72.85
2021-06-28,0.0425,4.942,157.82,21.65,8.9,71.69
2021-06-29,0.0425,4.945,159.59,21.43,8.94,72.92
2021-06-30,0.0425,5.0022,164.47,21.19,9.01,73.4
2021-07-01,0.0425,5.0055,165.52,21.12,8.9,72.13
2021-07-02,0.0425,5.0293,164.28,21.35,8.94,73.62
2021-07-05,0.0425,5.0749,164.31,21.05,8.83,73.35
2021-07-06,0.0425,5.1645,168.01,21.02,8.47,73.74
2021-07-07,0.0425,5.2328,169.65,21.11,8.59,73.95
2021-07-08,0.0425,5.2587,173.65,20.83,8.42,73.67
2021-07-12,0.0425,5.2239,172.62,21.12,8.49,74.58
2021-07-13,0.0425,5.177,175.9,21.25,8.54,75.02
2021-07-14,0.0425,5.088,171.63,21.27,8.47,74.62
2021-07-15,0.0425,5.1,173.37,21.02,8.29,74.85
2021-07-16,0.0425,5.0941,173.17,20.68,8.17,73.5
2021-07-19,0.0425,5.1978,178.21,20.56,8.04,72.7
2021-07-20,0.0425,5.2465,174.67,20.83,8.14,73.31
2021-07-21,0.0425,5.2516,172.49,20.91,8.26,74.15
2021-07-22,0.0425,5.1978,172.53,20.7,8.24,74.34
2021-07-23,0.0425,5.1701,171.54,20.64,8.19,73.97
2021-07-26,0.0425,5.1863,172.42,21.0,8.41,75.58
2021-07-27,0.0425,5.1669,175.18,21.21,8.31,74.01
2021-07-28,0.0425,5.1527,174.65,21.9,8.49,76.03
2021-07-29,0.0425,5.0682,171.45,21.79,8.52,74.91
2021-07-30,0.0425,5.1216,174.64,21.55,8.24,70.49
2021-08-02,0.0425,5.1379,175.79,21.68,8.09,70.6
2021-08-03,0.0425,5.2464,176.77,21.9,8.22,73.01
2021-08-04,0.0425,5.2091,177.58,21.29,8.05,72.93
2021-08-05,0.0525,5.1464,179.82,21.35,8.68,70.7
2021-08-06,0.0525,5.241,181.23,21.95,8.69,71.1
2021-08-09,0.0525,5.2774,183.07,22.2,8.63,70.66
2021-08-10,0.0525,5.2217,183.69,21.78,8.66,71.34
2021-08-11,0.0525,5.2013,181.89,22.03,8.78,70.82
2021-08-12,0.0525,5.2351,178.02,21.61,8.91,70.78
2021-08-13,0.0525,5.2474,177.42,21.9,8.99,70.2
2021-08-16,0.0525,5.2495,178.34,21.66,8.77,70.52
2021-08-17,0.0525,5.2585,180.91,21.59,8.77,69.35
2021-08-18,0.0525,5.3025,184.05,21.63,8.69,67.03
2021-08-19,0.0525,5.418,188.2,21.35,8.64,63.2
2021-08-20,0.0525,5.4274,188.03,21.27,8.63,63.23
2021-08-23,0.0525,5.3686,186.29,21.5,8.77,62.35
2021-08-24,0.0525,5.3017,182.76,22.1,8.95,64.63
2021-08-25,0.0525,5.2465,179.95,22.13,9.0,64.49
2021-08-26,0.0525,5.2429,179.74,21.59,8.92,63.67
2021-08-27,0.0525,5.22,175.64,21.96,9.24,65.26
2021-08-30,0.0525,5.1952,172.98,21.81,9.18,64.85
2021-08-31,0.0525,5.1433,174.68,22.09,8.82,63.96
2021-09-01,0.0525,5.1576,175.31,22.19,8.77,64.07
2021-09-02,0.0525,5.1735,173.9,21.39,8.63,63.87
2021-09-03,0.0525,5.1685,173.6,21.27,8.54,63.91
2021-09-06,0.0525,5.1773,173.6,21.54,8.58,62.91
2021-09-08,0.0525,5.2524,178.45,20.52,8.1,61.6
2021-09-09,0.0525,5.2825,180.46,20.79,8.27,61.38
2021-09-10,0.0525,5.2158,176.39,20.58,8.22,61.45
2021-09-13,0.0525,5.219,177.01,20.84,8.51,61.42
2021-09-14,0.0525,5.226,177.47,20.71,8.4,60.99
2021-09-15,0.0525,5.2576,176.88,20.37,8.54,59.46
2021-09-16,0.0525,5.2594,177.52,20.36,8.47,56.99
2021-09-17,0.0525,5.3103,178.41,19.87,8.09,55.84
2021-09-20,0.0525,5.3332,196.7,19.42,8.0,53.64
2021-09-21,0.0525,5.3044,194.64,19.37,8.18,54.52
2021-09-22,0.0525,5.2783,193.08,19.82,8.39,56.46
2021-09-23,0.0625,5.2891,192.07,20.51,8.71,56.46
2021-09-24,0.0625,5.3435,197.22,20.22,8.73,55.59
2021-09-27,0.0625,5.3478,199.7,20.75,8.81,56.38
2021-09-28,0.0625,5.4206,204.67,20.28,8.75,53.55
2021-09-29,0.0625,5.4173,203.1,20.65,8.89,54.23
2021-09-30,0.0625,5.4394,203.0,20.67,8.83,54.55
2021-10-01,0.0625,5.3911,201.16,21.21,9.08,54.52
2021-10-04,0.0625,5.4204,205.54,17.4,9.34,54.01
2021-10-05,0.0625,5.4611,204.71,17.82,9.55,53.63
2021-10-06,0.0625,5.5097,205.82,17.88,9.29,55.14
2021-10-07,0.0625,5.514,202.0,17.5,9.28,56.78
2021-10-08,0.0625,5.5084,203.26,17.63,9.45,57.13
2021-10-11,0.0625,5.5161,203.27,17.32,9.51,58.4
2021-10-13,0.0625,5.5471,207.7,17.34,9.61,56.67
2021-10-14,0.0625,5.4988,201.53,17.25,9.63,56.67
2021-10-15,0.0625,5.451,200.05,17.7,9.6,57.73
2021-10-18,0.0625,5.5193,202.32,17.82,9.56,57.18
2021-10-19,0.0625,5.5521,207.86,17.4,9.09,56.52
2021-10-20,0.0625,5.5571,210.71,17.86,9.25,54.86
2021-10-21,0.0625,5.6423,223.73,17.5,8.91,53.78
2021-10-22,0.0625,5.7117,235.9,16.83,8.82,54.43
2021-10-25,0.0625,5.5973,224.29,17.15,9.42,55.09
2021-10-26,0.0625,5.58,224.06,16.97,9.33,54.51
2021-10-27,0.0625,5.5667,226.61,17.1,9.31,53.27
2021-10-28,0.0775,5.6124,231.88,17.06,9.4,52.73
2021-10-29,0.0775,5.643,244.17,16.66,8.81,51.24
2021-11-01,0.0775,5.6694,248.54,17.32,9.08,51.74
2021-11-03,0.0775,5.6672,247.93,17.49,8.71,47.82
2021-11-04,0.0775,5.5942,237.68,16.57,8.44,47.27
2021-11-05,0.0775,5.5455,233.18,16.37,8.39,45.87
2021-11-08,0.0775,5.5627,232.54,16.28,8.47,48.37
2021-11-09,0.0775,5.4957,231.1,16.12,8.64,47.18
2021-11-10,0.0775,5.459,234.08,16.52,8.58,47.0
2021-11-11,0.0775,5.4171,233.95,16.49,8.58,48.66
2021-11-12,0.0775,5.4199,232.39,16.45,8.76,48.87
2021-11-16,0.0775,5.4772,234.88,16.28,8.85,47.46
2021-11-17,0.0775,5.4993,236.21,16.34,8.62,46.51
2021-11-18,0.0775,5.547,234.93,16.07,8.61,44.6
2021-11-19,0.0775,5.5584,234.7,15.94,8.47,45.81
2021-11-22,0.0775,5.5841,238.56,15.98,8.55,48.36
2021-11-23,0.0775,5.6456,243.37,16.24,9.02,49.63
2021-11-24,0.0775,5.6027,245.42,16.68,9.2,50.79
2021-11-25,0.0775,5.574,245.43,16.83,9.61,50.44
2021-11-26,0.0775,5.5865,263.45,16.51,9.24,49.11
2021-11-29,0.0775,5.6118,253.52,16.4,9.56,49.73
2021-11-30,0.0775,5.6199,254.26,16.2,9.55,50.05
2021-12-01,0.0775,5.6168,245.26,16.1,9.6,50.25
2021-12-02,0.0775,5.6345,235.08,16.71,10.34,52.58
2021-12-03,0.0775,5.6432,234.14,16.65,10.48,51.42
2021-12-06,0.0775,5.6877,229.76,16.84,10.53,54.21
2021-12-07,0.0775,5.6411,217.88,16.63,10.7,54.61
2021-12-08,0.0775,5.5779,212.52,16.47,10.7,54.21
2021-12-09,0.0925,5.5564,218.58,16.03,10.68,53.79
2021-12-10,0.0925,5.5931,218.19,16.05,10.81,54.13
2021-12-13,0.0925,5.6357,219.38,15.63,10.74,55.71
2021-12-14,0.0925,5.6461,220.79,15.78,10.61,55.7
2021-12-15,0.0925,5.7127,218.92,15.73,10.68,55.39
2021-12-16,0.0925,5.6963,218.52,15.89,10.82,57.55
2021-12-17,0.0925,5.6959,221.2,15.54,10.57,56.65
2021-12-20,0.0925,5.7055,223.04,15.3,10.26,56.01
2021-12-21,0.0925,5.7372,217.97,15.32,10.28,57.48
2021-12-22,0.0925,5.7201,215.4,15.38,10.26,57.18
2021-12-23,0.0925,5.691,209.06,15.46,10.33,56.63
2021-12-27,0.0925,5.665,205.91,15.62,10.48,56.49
2021-12-28,0.0925,5.6438,205.15,15.56,10.49,55.13
2021-12-29,0.0925,5.6619,204.28,15.43,10.4,55.27
2021-12-30,0.0925,5.5805,203.99,15.18,10.37,55.78
2022-01-03,0.0925,5.6309,201.5,15.6,10.6,55.81
2022-01-04,0.0925,5.6776,199.75,16.04,10.64,55.15
2022-01-05,0.0925,5.6628,202.46,15.73,10.23,55.67
2022-01-06,0.0925,5.7042,209.47,16.05,10.22,56.8
2022-01-07,0.0925,5.6753,209.45,16.41,10.27,60.1
2022-01-10,0.0925,5.6736,210.34,16.56,10.21,59.39
2022-01-11,0.0925,5.6351,211.35,16.93,10.51,60.52
2022-01-12,0.0925,5.5611,208.27,16.86,10.83,61.17
2022-01-13,0.0925,5.5246,208.31,17.17,11.05,60.24
2022-01-14,0.0925,5.5349,217.0,17.04,11.46,60.59
2022-01-17,0.0925,5.5058,220.24,17.04,11.48,60.28
2022-01-18,0.0925,5.5213,220.25,17.14,11.53,61.75
2022-01-19,0.0925,5.4978,224.21,17.02,11.48,63.11
2022-01-20,0.0925,5.4166,220.24,16.89,11.56,62.04
2022-01-21,0.0925,5.4401,224.21,16.89,11.58,60.75
2022-01-24,0.0925,5.491,217.96,16.87,11.65,60.01
2022-01-25,0.0925,5.4971,220.93,17.48,12.02,60.14
2022-01-26,0.0925,5.4324,222.06,17.67,12.34,60.32
2022-01-27,0.0925,5.3812,223.35,17.76,12.35,60.45
2022-01-28,0.0925,5.3954,226.01,17.97,11.86,59.86
2022-01-31,0.0925,5.3574,226.81,18.37,11.79,57.86
2022-02-01,0.0925,5.281,224.0,18.5,12.03,61.04
2022-02-02,0.0925,5.2956,215.2,18.21,11.85,61.38
2022-02-03,0.1075,5.3025,212.23,18.42,11.69,61.35
2022-02-04,0.1075,5.3284,217.37,18.47,11.89,62.96
2022-02-07,0.1075,5.2913,220.48,18.37,11.72,64.49
2022-02-08,0.1075,5.2699,220.11,18.58,11.6,65.39
2022-02-09,0.1075,5.2735,219.27,17.83,11.65,65.4
2022-02-10,0.1075,5.2101,214.3,18.18,11.82,67.16
2022-02-11,0.1075,5.1987,221.61,19.25,12.3,65.8
2022-02-14,0.1075,5.2106,228.49,19.21,12.03,65.52
2022-02-15,0.1075,5.1881,227.19,19.39,11.84,63.57
2022-02-16,0.1075,5.163,222.06,19.18,12.0,64.04
2022-02-17,0.1075,5.1565,217.99,18.92,11.95,61.28
2022-02-18,0.1075,5.1339,221.91,18.99,12.03,61.41
2022-02-21,0.1075,5.0997,224.87,18.52,12.34,61.46
2022-02-22,0.1075,5.0611,224.92,18.69,12.3,62.53
2022-02-23,0.1075,5.0143,224.19,18.43,12.47,61.87
2022-02-24,0.1075,5.1174,228.09,18.12,12.17,62.63
2022-02-25,0.1075,5.1394,223.94,18.49,12.39,66.03
2022-03-02,0.1075,5.1347,224.39,18.18,12.64,71.3
2022-03-03,0.1075,5.0479,221.58,18.2,12.48,71.33
2022-03-04,0.1075,5.0758,218.08,17.92,12.48,72.96
2022-03-07,0.1075,5.0579,224.74,17.54,11.59,75.18
2022-03-08,0.1075,5.0903,230.89,17.37,11.83,71.88
2022-03-09,0.1075,5.0094,225.06,18.23,11.87,69.98
2022-03-10,0.1075,5.0513,216.28,18.25,12.28,72.29
2022-03-11,0.1075,5.0255,216.24,18.05,11.84,71.91
2022-03-14,0.1075,5.0647,223.05,18.3,11.62,68.06
2022-03-15,0.1075,5.1314,222.37,18.23,11.34,66.1
2022-03-16,0.1075,5.1287,218.46,18.59,11.24,67.71
2022-03-17,0.1175,5.0764,206.59,19.0,10.94,70.06
2022-03-18,0.1175,5.0411,201.49,19.14,11.16,71.39
2022-03-21,0.1175,4.9666,201.5,19.61,11.58,73.42
2022-03-22,0.1175,4.9208,218.07,19.88,11.52,71.77
2022-03-23,0.1175,4.8704,214.81,19.79,11.68,71.66
2022-03-24,0.1175,4.8067,218.31,19.92,11.82,72.0
2022-03-25,0.1175,4.7782,213.89,19.96,11.77,70.76
2022-03-28,0.1175,4.7905,211.25,19.94,11.52,70.84
2022-03-29,0.1175,4.7486,207.96,20.17,11.77,70.23
2022-03-30,0.1175,4.7497,201.03,20.22,12.02,71.23
2022-03-31,0.1175,4.7378,203.83,19.96,12.19,71.03
2022-04-01,0.1175,4.6984,205.95,20.02,12.03,72.04
2022-04-04,0.1175,4.6175,204.3,19.84,11.92,72.77
2022-04-05,0.1175,4.64,200.76,19.44,11.81,70.67
2022-04-06,0.1175,4.6967,204.13,19.43,11.79,71.74
2022-04-07,0.1175,4.7422,206.65,19.42,12.41,72.17
2022-04-08,0.1175,4.7513,209.63,19.38,12.47,70.7
2022-04-11,0.1175,4.7025,212.81,19.31,12.37,69.84
2022-04-12,0.1175,4.6483,218.48,18.97,12.34,69.37
2022-04-13,0.1175,4.6811,217.17,19.02,12.6,69.4
2022-04-14,0.1175,4.7158,214.47,19.14,12.47,68.42
2022-04-18,0.1175,4.6746,216.49,19.25,12.25,67.29
2022-04-19,0.1175,4.6664,217.11,18.91,12.62,65.15
2022-04-20,0.1175,4.6397,212.01,19.03,12.68,63.45
2022-04-22,0.1175,4.7326,213.86,18.66,12.19,59.77
2022-04-25,0.1175,4.8818,220.38,18.59,12.01,58.76
2022-04-26,0.1175,4.9666,219.19,17.96,11.99,57.95
2022-04-27,0.1175,5.0167,225.88,17.81,11.99,61.05
2022-04-28,0.1175,5.011,222.62,17.66,12.07,62.56
2022-04-29,0.1175,4.9191,219.08,17.35,12.07,61.88
2022-05-02,0.1175,5.0266,229.56,17.28,11.95,61.61
2022-05-03,0.1175,5.0167,232.24,17.37,12.06,61.3
2022-05-04,0.1175,5.0093,228.25,17.34,12.79,60.78
2022-05-05,0.1275,5.0051,221.04,16.94,12.76,59.68
2022-05-06,0.1275,5.075,221.04,17.31,13.18,59.26
2022-05-09,0.1275,5.134,234.2,17.06,12.82,56.83
2022-05-10,0.1275,5.139,244.26,16.97,12.93,56.13
2022-05-11,0.1275,5.1244,241.79,17.54,13.39,58.47
2022-05-12,0.1275,5.1482,241.79,17.82,13.49,57.88
2022-05-13,0.1275,5.1075,242.39,18.03,13.66,57.81
2022-05-16,0.1275,5.0666,238.05,18.22,13.8,59.54
2022-05-17,0.1275,4.9676,239.68,18.38,13.62,59.29
2022-05-18,0.1275,4.9592,236.45,18.11,13.4,57.79
2022-05-19,0.1275,4.9198,244.6,18.06,13.62,59.33
2022-05-20,0.1275,4.8777,245.55,18.28,13.89,60.38
2022-05-23,0.1275,4.7973,246.59,18.75,14.43,61.61
2022-05-24,0.1275,4.8106,239.12,19.04,14.04,62.44
2022-05-25,0.1275,4.8359,238.49,18.7,14.24,62.63
2022-05-26,0.1275,4.7967,227.08,18.93,14.28,62.6
2022-05-27,0.1275,4.7434,222.22,19.03,13.6,63.69
2022-05-30,0.1275,4.7216,220.28,18.86,13.33,64.38
2022-05-31,0.1275,4.7289,220.51,19.03,13.36,64.05
2022-06-01,0.1275,4.7765,222.37,18.77,13.34,65.56
2022-06-02,0.1275,4.7879,222.55,18.85,13.22,66.8
2022-06-03,0.1275,4.7956,225.17,18.67,13.45,65.73
2022-06-06,0.1275,4.7839,229.19,18.61,13.46,65.79
2022-06-07,0.1275,4.8909,235.24,18.61,13.62,67.33
2022-06-08,0.1275,4.8711,236.76,18.25,13.56,65.01
2022-06-09,0.1275,4.8951,241.88,17.94,13.36,62.81
2022-06-10,0.1275,4.9836,248.73,17.54,13.17,62.83
2022-06-13,0.1275,5.1033,255.26,17.33,13.01,60.84
2022-06-14,0.1275,5.1203,270.18,17.22,13.15,60.72
2022-06-15,0.1275,5.1119,274.22,17.29,12.92,60.68
2022-06-17,0.1325,5.1313,260.89,17.07,12.13,57.52
2022-06-20,0.1325,5.1641,261.19,17.81,12.27,56.1
2022-06-21,0.1325,5.1462,261.49,17.62,12.03,56.47
2022-06-22,0.1325,5.1509,276.63,17.49,11.99,55.98
2022-06-23,0.1325,5.1833,284.79,17.09,11.77,53.94
2022-06-24,0.1325,5.2334,289.06,17.06,11.68,55.44
2022-06-27,0.1325,5.2214,281.74,17.17,12.43,57.99
2022-06-28,0.1325,5.2179,281.34,16.98,12.59,59.03
2022-06-29,0.1325,5.2268,297.22,16.8,12.48,58.54
2022-06-30,0.1325,5.238,292.02,16.5,12.41,56.88
2022-07-01,0.1325,5.3142,290.81,16.65,12.68,55.8
2022-07-04,0.1325,5.3038,290.31,16.49,12.95,55.48
2022-07-05,0.1325,5.3899,288.31,16.6,12.45,55.2
2022-07-06,0.1325,5.4321,297.88,16.45,12.29,55.72
2022-07-07,0.1325,5.364,300.9,16.68,12.65,57.34
2022-07-08,0.1325,5.3086,286.79,16.69,12.8,56.02
2022-07-11,0.1325,5.3477,286.91,16.42,12.73,54.11
2022-07-12,0.1325,5.412,295.93,16.38,12.54,54.28
2022-07-13,0.1325,5.3992,306.75,16.32,12.55,54.09
2022-07-14,0.1325,5.4568,314.97,16.14,12.21,50.49
2022-07-15,0.1325,5.4014,324.6,16.43,12.42,50.8
2022-07-18,0.1325,5.3675,320.31,16.65,12.71,51.07
2022-07-19,0.1325,5.3904,322.72,17.21,12.97,51.18
2022-07-20,0.1325,5.4288,309.25,16.99,12.96,50.07
2022-07-21,0.1325,5.475,295.23,17.13,12.89,50.95
2022-07-22,0.1325,5.4522,291.4,16.95,13.03,51.42
2022-07-25,0.1325,5.4144,293.48,17.19,13.64,52.37
2022-07-26,0.1325,5.3608,287.54,17.1,13.78,52.28
2022-07-27,0.1325,5.3074,295.32,17.16,13.93,52.4
2022-07-28,0.1325,5.2149,280.26,17.27,14.35,52.52
2022-07-29,0.1325,5.1884,275.16,17.21,15.17,51.82
2022-08-01,0.1325,5.1606,269.87,17.11,14.97,50.58
2022-08-02,0.1325,5.2329,271.78,17.29,15.03,52.2
2022-08-03,0.1325,5.2846,281.51,17.42,15.04,50.17
2022-08-04,0.1375,5.2409,273.8,17.84,15.2,49.88
2022-08-05,0.1375,5.2165,268.77,18.18,15.49,50.52
2022-08-08,0.1375,5.1247,270.81,18.4,16.28,50.95
2022-08-09,0.1375,5.1224,259.02,18.88,16.54,52.01
2022-08-10,0.1375,5.0497,264.33,19.23,16.49,52.05
2022-08-11,0.1375,5.1127,247.48,19.26,16.11,53.86
2022-08-12,0.1375,5.1023,248.75,19.5,17.3,54.55
2022-08-15,0.1375,5.0925,238.83,19.66,17.31,53.38
2022-08-16,0.1375,5.134,241.6,19.89,17.47,54.56
2022-08-17,0.1375,5.1784,245.87,19.94,17.88,53.32
2022-08-18,0.1375,5.1773,250.93,19.88,18.24,52.92
2022-08-19,0.1375,5.1961,251.43,19.64,17.31,52.33
2022-08-22,0.1375,5.1709,261.56,19.42,17.69,51.56
2022-08-23,0.1375,5.103,271.52,19.47,18.25,54.87
2022-08-24,0.1375,5.105,256.45,19.56,18.36,53.1
2022-08-25,0.1375,5.1173,251.73,19.8,18.16,54.13
2022-08-26,0.1375,5.0903,249.48,19.68,18.36,53.32
2022-08-29,0.1375,5.0428,256.57,19.61,18.82,52.29
2022-08-30,0.1375,5.0617,257.67,19.53,17.7,50.77
2022-08-31,0.1375,5.179,257.55,19.03,18.13,50.41
2022-09-01,0.1375,5.2007,259.54,19.33,18.47,49.93
2022-09-02,0.1375,5.1878,256.67,19.59,18.24,49.17
2022-09-05,0.1375,5.1686,256.67,19.91,18.19,50.97
2022-09-06,0.1375,5.2228,257.07,19.72,17.52,49.76
2022-09-08,0.1375,5.2155,256.67,19.58,17.35,50.41
2022-09-09,0.1375,5.1633,257.07,19.74,17.35,54.35
2022-09-12,0.1375,5.1183,232.27,19.98,17.18,54.83
2022-09-13,0.1375,5.1794,256.67,19.78,16.73,53.34
2022-09-14,0.1375,5.1774,232.27,19.7,16.98,52.36
2022-09-15,0.1375,5.2211,240.17,19.75,16.95,53.42
2022-09-16,0.1375,5.2882,242.17,19.69,16.8,53.34
2022-09-19,0.1375,5.2367,242.17,20.42,17.06,55.06
2022-09-20,0.1375,5.1705,236.32,21.1,16.97,54.28
2022-09-21,0.1375,5.1692,261.07,20.88,17.01,53.49
2022-09-22,0.1375,5.1677,261.06,21.3,17.43,54.72
2022-09-23,0.1375,5.2257,264.31,20.88,16.34,53.59
2022-09-26,0.1375,5.3548,278.57,20.43,15.98,53.71
2022-09-27,0.1375,5.3508,295.38,20.31,16.19,52.91
2022-09-28,0.1375,5.3594,308.84,20.31,15.97,53.41
2022-09-29,0.1375,5.3916,292.49,20.61,15.99,53.48
2022-09-30,0.1375,5.4066,306.56,20.7,16.26,56.3
2022-10-03,0.1375,5.2002,307.49,21.97,17.56,57.83
2022-10-04,0.1375,5.1411,282.23,22.0,17.12,59.23
2022-10-05,0.1375,5.2144,277.75,22.0,17.76,60.14
2022-10-06,0.1375,5.2009,284.26,21.6,18.37,58.79
2022-10-07,0.1375,5.2221,285.27,21.65,18.35,59.01
2022-10-10,0.1375,5.1941,294.93,21.42,18.14,57.82
2022-10-11,0.1375,5.2068,294.85,21.27,18.01,57.43
2022-10-13,0.1375,5.3017,297.25,21.15,18.52,56.41
2022-10-14,0.1375,5.2824,300.1,21.15,18.24,54.57
2022-10-17,0.1375,5.2713,307.39,21.32,18.22,55.43
2022-10-18,0.1375,5.2697,301.14,21.85,18.67,56.24
2022-10-19,0.1375,5.2808,292.49,21.86,19.33,55.57
2022-10-20,0.1375,5.2176,295.23,22.19,19.9,56.28
2022-10-21,0.1375,5.1919,292.16,22.93,20.58,57.93
2022-10-24,0.1375,5.2744,284.24,21.89,18.69,56.21
2022-10-25,0.1375,5.3091,280.08,21.71,18.3,56.21
2022-10-26,0.1375,5.3248,276.77,21.25,17.85,57.46
2022-10-27,0.1375,5.3003,280.77,21.64,17.99,55.42
2022-10-28,0.1375,5.3454,279.51,21.81,17.77,52.71
2022-10-31,0.1375,5.257,272.8,22.45,16.27,52.46
2022-11-01,0.1375,5.15,272.61,22.5,16.29,54.06
2022-11-03,0.1375,5.1349,268.75,22.34,16.34,52.48
2022-11-04,0.1375,5.036,266.91,22.42,15.44,56.46
2022-11-07,0.1375,5.0886,256.62,21.91,14.82,56.17
2022-11-08,0.1375,5.1744,256.62,21.85,14.92,57.87
2022-11-09,0.1375,5.1629,256.9,20.8,14.68,57.17
2022-11-10,0.1375,5.3064,262.37,20.4,14.25,58.26
2022-11-11,0.1375,5.3051,264.41,19.75,14.73,64.32
2022-11-14,0.1375,5.3013,265.69,19.69,15.12,65.11
2022-11-16,0.1375,5.3204,254.3,19.41,14.82,64.43
2022-11-17,0.1375,5.4655,260.68,19.53,14.82,64.94
2022-11-18,0.1375,5.3477,263.19,19.68,14.57,63.17
2022-11-21,0.1375,5.3259,268.0,19.74,14.61,62.46
2022-11-22,0.1375,5.3339,260.95,19.41,13.62,62.63
2022-11-23,0.1375,5.393,261.15,19.22,13.68,63.25
2022-11-24,0.1375,5.3149,256.81,19.9,14.16,63.65
2022-11-25,0.1375,5.3508,256.78,19.2,13.93,63.22
2022-11-28,0.1375,5.3796,256.92,18.85,14.22,63.54
2022-11-29,0.1375,5.3076,261.73,19.02,14.82,65.99
2022-11-30,0.1375,5.2941,253.23,19.21,15.56,66.98
2022-12-01,0.1375,5.1948,252.93,19.21,14.94,67.35
2022-12-02,0.1375,5.1974,237.18,19.47,15.13,67.83
2022-12-05,0.1375,5.2464,231.74,18.9,14.96,67.76
2022-12-06,0.1375,5.2396,243.0,19.33,14.97,68.75
2022-12-07,0.1375,5.2208,245.26,19.19,14.8,66.3
2022-12-08,0.1375,5.2091,242.18,18.52,14.47,67.12
2022-12-09,0.1375,5.2396,239.82,18.34,14.43,69.35
2022-12-12,0.1375,5.3066,236.8,18.17,13.96,67.28
2022-12-13,0.1375,5.2669,244.56,17.48,13.61,67.56
2022-12-14,0.1375,5.3406,241.03,17.56,12.53,68.14
2022-12-15,0.1375,5.3183,243.3,17.66,12.87,68.36
2022-12-16,0.1375,5.2806,248.4,17.85,12.87,67.19
2022-12-19,0.1375,5.316,254.14,18.39,13.07,66.94
2022-12-20,0.1375,5.2427,258.38,18.58,13.47,67.24
2022-12-21,0.1375,5.2031,257.33,18.66,13.76,67.63
2022-12-22,0.1375,5.1871,250.23,18.7,14.01,67.24
2022-12-23,0.1375,5.1445,251.41,18.99,14.67,67.69
2022-12-26,0.1375,5.1872,252.43,18.61,14.56,68.31
2022-12-27,0.1375,5.2832,252.2,18.51,14.66,69.94
2022-12-28,0.1375,5.2736,251.49,18.89,14.48,69.78
2022-12-29,0.1375,5.2177,251.35,18.85,14.3,69.7
2023-01-02,0.1375,5.3436,250.46,18.48,13.38,70.1
2023-01-03,0.1375,5.3759,250.25,18.09,13.04,69.98
2023-01-04,0.1375,5.4459,253.9,18.14,13.46,70.1
2023-01-05,0.1375,5.4026,254.98,18.71,13.94,71.28
2023-01-06,0.1375,5.2855,258.45,19.03,13.86,72.41
2023-01-09,0.1375,5.2967,244.78,19.17,13.94,72.49
2023-01-10,0.1375,5.2395,247.31,19.54,14.06,73.38
2023-01-11,0.1375,5.202,247.6,19.88,14.17,73.12
2023-01-12,0.1375,5.14,243.39,19.6,14.38,73.51
2023-01-13,0.1375,5.1146,240.32,19.5,14.34,73.57
2023-01-16,0.1375,5.1115,238.89,19.29,14.03,72.34
2023-01-17,0.1375,5.1203,238.71,19.69,14.9,72.25
2023-01-18,0.1375,5.0909,238.65,20.05,14.64,73.19
2023-01-19,0.1375,5.2144,235.4,20.05,15.11,73.51
2023-01-20,0.1375,5.1986,242.75,19.69,15.39,73.7
2023-01-23,0.1375,5.1922,242.84,19.09,15.64,73.95
2023-01-24,0.1375,5.1696,240.87,19.26,15.53,74.73
2023-01-25,0.1375,5.1042,236.65,19.33,15.73,75.44
2023-01-26,0.1375,5.0951,238.66,19.22,15.32,76.85
2023-01-27,0.1375,5.0767,234.07,18.81,14.96,74.75
2023-01-30,0.1375,5.0959,228.08,18.82,15.03,74.48
2023-01-31,0.1375,5.0993,232.09,19.11,15.22,74.11
2023-02-01,0.1375,5.0721,226.89,18.86,15.01,73.29
2023-02-02,0.1375,4.9901,220.06,19.03,14.31,69.9
2023-02-03,0.1375,5.103,214.48,18.96,14.47,69.75
2023-02-06,0.1375,5.1763,220.84,18.97,15.05,68.88
2023-02-07,0.1375,5.1695,227.67,18.53,14.96,69.34
2023-02-08,0.1375,5.2036,223.3,20.07,15.21,69.57
2023-02-09,0.1375,5.2315,228.06,19.57,15.14,69.31
2023-02-10,0.1375,5.2526,231.26,19.48,15.6,68.07
2023-02-13,0.1375,5.1834,232.21,20.17,15.65,67.99
2023-02-14,0.1375,5.1507,227.2,19.92,15.59,68.3
2023-02-15,0.1375,5.2243,222.68,20.21,15.61,69.79
2023-02-16,0.1375,5.2432,219.44,20.36,15.68,69.94
2023-02-17,0.1375,5.2012,222.38,20.29,15.44,69.03
2023-02-22,0.1375,5.173,237.45,19.92,15.04,68.5
2023-02-23,0.1375,5.133,235.1,19.99,15.5,68.18
2023-02-24,0.1375,5.1791,229.15,19.38,15.12,66.69
2023-02-27,0.1375,5.196,232.54,19.13,15.27,66.69
2023-02-28,0.1375,5.2078,229.17,19.2,14.74,66.91
2023-03-01,0.1375,5.207,229.3,18.89,14.77,69.95
2023-03-02,0.1375,5.208,225.61,18.27,14.38,69.79
2023-03-03,0.1375,5.2037,223.49,18.29,15.0,70.03
2023-03-06,0.1375,5.197,214.46,18.71,15.16,67.56
2023-03-07,0.1375,5.1901,207.82,18.76,14.65,66.91
2023-03-08,0.1375,5.1387,214.88,18.99,14.84,67.52
2023-03-09,0.1375,5.1353,215.71,18.63,14.78,66.64
2023-03-10,0.1375,5.1822,219.13,18.18,14.58,66.42
2023-03-13,0.1375,5.24,224.5,17.97,14.12,66.69
2023-03-14,0.1375,5.2362,224.53,17.91,13.87,67.3
2023-03-15,0.1375,5.2981,234.38,17.86,13.63,65.27
2023-03-16,0.1375,5.2892,243.07,18.15,13.58,65.51
2023-03-17,0.1375,5.2679,238.77,17.63,13.73,66.3
2023-03-20,0.1375,5.2467,279.65,17.68,13.39,66.84
2023-03-21,0.1375,5.2444,259.1,18.04,13.66,66.28
2023-03-22,0.1375,5.2648,246.76,17.94,13.62,65.46
2023-03-23,0.1375,5.2632,243.19,17.49,13.31,63.77
2023-03-24,0.1375,5.2921,247.38,17.74,13.3,63.05
2023-03-27,0.1375,5.2306,244.86,18.05,13.53,62.94
2023-03-28,0.1375,5.1733,237.91,18.13,13.77,63.61
2023-03-29,0.1375,5.1493,237.4,18.31,13.95,64.52
2023-03-30,0.1375,5.1254,233.46,18.81,13.99,65.57
2023-03-31,0.1375,5.0804,228.5,18.9,13.69,64.34
2023-04-03,0.1375,5.0637,221.56,18.38,14.3,64.36
2023-04-04,0.1375,5.0762,220.62,18.74,14.17,62.54
2023-04-05,0.1375,5.0447,223.26,18.73,14.22,61.62
2023-04-06,0.1375,5.0683,227.45,18.67,14.01,61.51
2023-04-10,0.1375,5.0834,230.97,18.86,14.31,62.69
2023-04-11,0.1375,5.0128,230.65,19.48,14.98,66.0
2023-04-12,0.1375,4.9496,224.8,19.61,15.09,64.59
2023-04-13,0.1375,4.9097,224.82,19.61,15.2,63.72
2023-04-14,0.1375,4.9455,215.06,19.89,15.35,63.16
2023-04-17,0.1375,4.9421,214.35,19.85,15.59,62.4
2023-04-18,0.1375,4.9678,214.32,19.84,15.99,62.94
2023-04-19,0.1375,5.0467,216.94,19.52,15.48,61.11
2023-04-20,0.1375,5.0497,221.97,19.58,15.58,59.83
2023-04-24,0.1375,5.0595,226.72,19.4,15.88,57.67
2023-04-25,0.1375,5.0613,225.45,19.58,15.82,56.1
2023-04-26,0.1375,5.0585,226.93,19.38,15.62,56.31
2023-04-27,0.1375,5.015,227.76,19.72,15.24,57.51
2023-04-28,0.1375,5.0007,224.79,19.82,15.59,58.02
2023-05-02,0.1375,5.0334,213.38,19.05,14.95,55.73
2023-05-03,0.1375,5.0227,217.34,19.02,14.9,55.3
2023-05-04,0.1375,5.0106,219.48,19.18,15.14,53.58
2023-05-05,0.1375,4.9696,225.55,19.89,15.78,55.33
2023-05-08,0.1375,4.9696,221.17,20.16,16.12,56.07
2023-05-09,0.1375,5.0007,222.01,20.29,16.17,56.65
2023-05-10,0.1375,4.9547,225.47,20.58,16.13,55.58
2023-05-11,0.1375,4.9696,222.06,20.78,16.72,54.5
2023-05-12,0.1375,4.9234,222.02,20.59,17.26,54.56
2023-05-15,0.1375,4.9103,221.99,20.67,16.87,55.34
2023-05-16,0.1375,4.9122,221.95,20.6,17.3,54.21
2023-05-17,0.1375,4.9513,221.91,20.81,16.87,56.0
2023-05-18,0.1375,4.9647,237.45,20.73,16.97,56.08
2023-05-19,0.1375,4.9858,218.45,20.56,16.95,55.46
2023-05-22,0.1375,4.968,215.15,20.17,16.85,54.57
2023-05-23,0.1375,4.9674,214.13,20.33,17.26,53.34
2023-05-24,0.1375,4.9474,213.02,20.22,17.53,52.13
2023-05-25,0.1375,4.999,213.13,20.85,17.39,51.97
2023-05-26,0.1375,5.0114,211.42,20.69,17.62,53.16
2023-05-29,0.1375,4.9954,207.39,20.6,17.55,52.76
2023-05-30,0.1375,5.0593,207.24,20.31,17.35,51.51
2023-05-31,0.1375,5.0959,206.96,20.15,17.18,51.14
2023-06-01,0.1375,5.035,209.05,20.44,17.73,52.22
2023-06-02,0.1375,4.9558,205.18,20.74,17.87,54.45
2023-06-05,0.1375,4.9236,201.82,20.79,18.07,54.0
2023-06-06,0.1375,4.9292,199.4,20.93,18.45,54.17
2023-06-07,0.1375,4.9119,196.58,21.0,18.99,55.03
2023-06-09,0.1375,4.8922,194.54,21.29,19.91,54.78
2023-06-12,0.1375,4.8832,192.9,21.06,20.26,53.79
2023-06-13,0.1375,4.8533,190.71,21.29,20.22,54.36
2023-06-14,0.1375,4.8462,188.12,21.59,21.09,55.31
2023-06-15,0.1375,4.8222,186.99,21.87,20.59,55.74
2023-06-16,0.1375,4.8286,182.84,21.94,20.77,55.83
2023-06-19,0.1375,4.7803,182.19,22.24,21.32,55.62
2023-06-20,0.1375,4.793,182.12,22.23,21.42,54.18
2023-06-21,0.1375,4.7795,180.03,22.44,22.32,53.64
2023-06-22,0.1375,4.775,177.19,22.23,22.04,53.35
2023-06-23,0.1375,4.7799,174.41,22.16,21.13,52.81
2023-06-26,0.1375,4.7698,176.63,22.13,21.61,52.92
2023-06-27,0.1375,4.7903,178.12,21.88,21.44,53.56
2023-06-28,0.1375,4.8563,177.36,21.75,21.64,51.87
2023-06-29,0.1375,4.8584,178.09,22.02,21.74,52.5
2023-06-30,0.1375,4.8192,179.92,21.96,20.69,51.47
2023-07-03,0.1375,4.7876,173.35,22.39,21.08,53.08
2023-07-04,0.1375,4.8056,174.39,22.26,21.13,52.81
2023-07-05,0.1375,4.8577,174.22,22.45,21.1,52.35
2023-07-06,0.1375,4.8977,176.78,22.12,20.78,51.97
2023-07-07,0.1375,4.8799,181.3,22.53,20.67,52.46
2023-07-10,0.1375,4.8735,180.11,22.39,20.71,51.66
2023-07-11,0.1375,4.8949,180.95,21.99,20.43,53.36
2023-07-12,0.1375,4.8058,181.14,21.86,20.44,53.73
2023-07-13,0.1375,4.8038,175.97,22.1,20.76,54.98
2023-07-14,0.1375,4.7957,172.11,21.87,20.36,54.98
2023-07-17,0.1375,4.8302,177.48,22.29,20.31,54.37
2023-07-18,0.1375,4.804,176.25,21.86,20.2,54.03
2023-07-19,0.1375,4.8,175.32,21.63,20.39,53.89
2023-07-20,0.1375,4.7888,173.34,22.03,20.41,54.01
2023-07-21,0.1375,4.7732,175.5,22.43,20.8,54.33
2023-07-24,0.1375,4.7457,172.41,22.07,21.23,55.98
2023-07-25,0.1375,4.7496,170.53,22.12,21.72,57.71
2023-07-26,0.1375,4.7368,169.51,22.24,21.72,57.51
2023-07-27,0.1375,4.7202,164.56,21.74,20.59,56.43
2023-07-28,0.1375,4.7253,162.85,22.07,20.85,54.2
2023-07-31,0.1375,4.7415,162.65,22.15,21.8,55.42
2023-08-01,0.1375,4.7752,163.69,22.21,21.44,54.65
2023-08-02,0.1375,4.8083,165.75,22.15,21.39,53.77
2023-08-03,0.1325,4.8797,172.48,21.97,21.67,54.1
2023-08-04,0.1325,4.8609,174.57,21.57,21.02,54.14
2023-08-07,0.1325,4.901,172.32,21.4,21.15,54.41
2023-08-08,0.1325,4.9217,171.54,21.36,21.18,54.06
2023-08-09,0.1325,4.9015,172.46,21.28,21.34,53.57
2023-08-10,0.1325,4.8518,173.55,21.35,21.46,52.94
2023-08-11,0.1325,4.8918,170.64,21.39,21.41,52.5
2023-08-14,0.1325,4.9481,170.72,21.08,21.47,51.1
2023-08-15,0.1325,4.9812,175.61,20.96,21.62,50.6
2023-08-16,0.1325,4.9772,180.46,20.95,22.1,50.4
2023-08-17,0.1325,4.9816,180.51,20.7,22.03,51.11
2023-08-18,0.1325,4.9724,186.29,20.86,22.09,50.54
2023-08-21,0.1325,4.9847,188.24,20.78,21.93,50.61
2023-08-22,0.1325,4.9431,188.45,21.1,22.27,51.66
2023-08-23,0.1325,4.8977,185.42,21.36,23.45,52.04
2023-08-24,0.1325,4.8748,176.37,21.12,23.42,51.35
2023-08-25,0.1325,4.8772,178.6,20.78,23.26,51.24
2023-08-28,0.1325,4.8938,173.67,21.49,23.52,51.98
2023-08-29,0.1325,4.8706,166.69,21.83,23.57,53.64
2023-08-30,0.1325,4.8653,163.62,21.41,23.73,53.65
2023-08-31,0.1325,4.9219,162.81,21.22,23.23,53.73
2023-09-01,0.1325,4.9318,167.67,21.41,23.74,56.87
2023-09-04,0.1325,4.9176,164.81,21.21,23.49,57.29
2023-09-05,0.1325,4.9705,164.81,20.9,24.27,57.05
2023-09-06,0.1325,4.9762,167.85,20.7,24.38,56.13
2023-09-08,0.1325,4.9835,170.57,20.73,24.3,55.07
2023-09-11,0.1325,4.9366,168.75,21.25,24.27,55.87
2023-09-12,0.1325,4.9505,169.7,21.38,24.39,55.82
2023-09-13,0.1325,4.9171,171.71,21.49,24.03,55.61
2023-09-14,0.1325,4.8751,168.68,21.4,24.64,57.89
2023-09-15,0.1325,4.8689,165.82,21.35,24.65,57.41
2023-09-18,0.1325,4.8535,165.82,21.3,24.83,56.73
2023-09-19,0.1325,4.8575,163.82,21.24,24.88,56.84
2023-09-20,0.1325,4.8487,179.98,21.6,24.94,57.22
2023-09-21,0.1275,4.9229,180.37,21.1,24.56,55.73
2023-09-22,0.1275,4.9131,183.28,21.05,24.75,56.14
2023-09-25,0.1275,4.9606,180.2,21.11,24.91,54.98
2023-09-26,0.1275,4.9717,182.3,20.8,24.34,54.12
2023-09-27,0.1275,5.0289,185.15,20.76,25.11,54.24
2023-09-28,0.1275,5.0475,189.21,21.31,25.06,55.07
2023-09-29,0.1275,5.0076,185.0,21.28,25.2,55.79
2023-10-02,0.1275,5.0679,186.07,21.08,24.82,55.3
2023-10-03,0.1275,5.11,190.24,20.81,24.71,54.97
2023-10-04,0.1275,5.1526,199.88,21.29,23.73,54.38
2023-10-05,0.1275,5.1713,194.64,21.63,23.81,54.4
2023-10-06,0.1275,5.1918,193.77,21.83,24.38,55.2
2023-10-09,0.1275,5.1666,190.1,21.64,25.42,54.8
2023-10-10,0.1275,5.0862,189.64,21.62,25.61,55.13
2023-10-11,0.1275,5.0496,180.92,21.89,25.55,55.61
2023-10-13,0.1275,5.0625,180.41,21.67,26.39,54.97
2023-10-16,0.1275,5.0618,183.11,21.7,26.68,55.56
2023-10-17,0.1275,5.0384,179.36,21.38,27.4,56.01
2023-10-18,0.1275,5.0568,181.48,20.93,28.02,53.96
2023-10-19,0.1275,5.054,185.23,21.17,27.89,53.18
2023-10-20,0.1275,5.0528,189.03,21.09,27.53,51.75
2023-10-23,0.1275,5.0164,190.82,21.12,25.71,51.65
2023-10-24,0.1275,5.0065,188.01,21.12,26.1,52.83
2023-10-25,0.1275,4.9981,184.22,21.16,26.24,52.78
2023-10-26,0.1275,5.0055,186.28,21.68,25.97,53.91
2023-10-27,0.1275,4.948,185.93,21.36,25.78,55.78
2023-10-30,0.1275,5.0074,186.08,21.19,25.52,56.29
2023-10-31,0.1275,5.0575,183.28,20.98,25.27,56.96
2023-11-01,0.1275,5.0194,182.29,21.28,25.55,58.05
2023-11-03,0.1225,4.891,165.65,21.87,25.85,58.78
2023-11-06,0.1225,4.8999,160.56,22.07,25.83,59.03
2023-11-07,0.1225,4.867,166.8,22.69,25.4,57.86
2023-11-08,0.1225,4.8855,165.64,22.79,24.86,57.9
2023-11-09,0.1225,4.9007,163.75,22.89,25.37,58.18
2023-11-10,0.1225,4.9219,166.87,23.17,25.26,59.07
2023-11-13,0.1225,4.9247,163.76,23.01,25.96,58.95
2023-11-14,0.1225,4.8682,165.71,23.36,26.32,60.77
2023-11-16,0.1225,4.8575,157.05,23.73,25.86,61.17
2023-11-17,0.1225,4.8849,154.82,23.84,26.7,61.29
2023-11-20,0.1225,4.8723,152.04,24.08,26.72,62.79
2023-11-21,0.1225,4.8806,147.12,24.04,26.45,64.31
2023-11-22,0.1225,4.8968,146.12,24.18,26.58,63.7
2023-11-23,0.1225,4.8931,147.18,24.15,26.59,63.3
2023-11-24,0.1225,4.8927,147.19,24.02,26.66,62.76
2023-11-27,0.1225,4.8951,147.21,23.96,26.51,62.39
2023-11-28,0.1225,4.8867,146.11,24.19,26.91,62.53
2023-11-29,0.1225,4.8933,145.08,24.36,26.63,62.51
2023-11-30,0.1225,4.9355,142.17,24.73,27.14,62.85
2023-12-01,0.1225,4.9191,146.24,24.68,26.96,64.01
2023-12-04,0.1225,4.9091,153.55,24.71,26.39,62.58
2023-12-05,0.1225,4.9522,142.32,24.91,26.27,62.0
2023-12-06,0.1225,4.9031,146.12,24.69,25.32,61.59
2023-12-07,0.1225,4.8949,149.13,24.97,25.26,61.79
2023-12-08,0.1225,4.9158,148.14,25.28,26.07,61.96
2023-12-11,0.1225,4.944,147.31,25.11,25.97,62.01
2023-12-12,0.1225,4.9476,145.21,24.98,25.76,62.12
2023-12-13,0.1225,4.958,145.2,25.74,26.13,62.13
2023-12-14,0.1175,4.8912,140.06,25.95,26.7,62.47
2023-12-15,0.1175,4.9397,136.32,25.84,26.76,62.86
2023-12-18,0.1175,4.9399,137.41,25.97,27.09,63.16
2023-12-19,0.1175,4.8663,136.4,25.98,27.4,63.6
2023-12-20,0.1175,4.8766,135.39,25.72,27.5,63.39
2023-12-21,0.1175,4.8755,135.35,25.89,27.51,65.5
2023-12-22,0.1175,4.8619,134.41,26.3,27.77,65.01
2023-12-26,0.1175,4.8368,132.45,26.57,28.22,65.24
2023-12-27,0.1175,4.8306,132.46,26.75,28.24,65.87
2023-12-28,0.1175,4.8413,132.4,26.82,28.15,65.7
2024-01-02,0.1175,4.8916,131.47,26.48,28.56,65.57
2024-01-03,0.1175,4.9212,139.43,26.19,29.45,65.23
2024-01-04,0.1175,4.9188,143.28,26.01,29.2,64.36
2024-01-05,0.1175,4.8899,142.37,26.62,29.27,63.53
2024-01-08,0.1175,4.885,141.34,26.34,29.05,63.21
2024-01-09,0.1175,4.8937,139.33,26.32,28.8,62.41
2024-01-10,0.1175,4.8901,137.38,26.3,28.54,61.47
2024-01-11,0.1175,4.8794,132.46,26.35,28.78,61.79
2024-01-12,0.1175,4.8543,131.4,26.38,28.85,61.01
2024-01-15,0.1175,4.8765,128.48,26.42,29.16,60.89
2024-01-16,0.1175,4.9038,128.56,26.05,28.8,60.1
2024-01-17,0.1175,4.9346,130.58,26.07,28.63,59.02
2024-01-18,0.1175,4.9403,132.59,25.96,28.52,58.72
2024-01-19,0.1175,4.9223,132.51,26.02,28.37,57.96
2024-01-22,0.1175,4.949,131.55,25.6,28.5,57.7
2024-01-23,0.1175,4.9715,135.43,25.71,28.85,58.89
2024-01-24,0.1175,4.9192,140.39,25.6,28.63,59.49
2024-01-25,0.1175,4.9232,140.41,25.54,29.69,58.02
2024-01-26,0.1175,4.9125,139.32,25.92,30.21,59.15
2024-01-29,0.1175,4.9225,137.46,25.78,30.67,58.87
2024-01-30,0.1175,4.9638,136.39,25.62,30.48,58.53
2024-01-31,0.1175,4.9535,136.49,25.9,30.81,57.67
2024-02-01,0.1125,4.935,139.3,25.84,31.42,57.4
2024-02-02,0.1125,4.9471,135.41,25.88,31.02,56.24
2024-02-05,0.1125,5.0053,135.62,26.37,31.15,55.75
2024-02-06,0.1125,4.9687,137.53,27.5,31.44,56.74
2024-02-07,0.1125,4.9608,135.39,27.3,31.9,56.85
2024-02-08,0.1125,4.9804,133.51,26.76,31.64,56.35
2024-02-09,0.1125,4.9717,135.49,27.1,31.22,56.1
2024-02-14,0.1125,4.9723,135.63,27.1,30.98,55.93
2024-02-15,0.1125,4.971,132.46,27.33,31.98,55.75
2024-02-16,0.1125,4.9761,131.53,27.3,32.27,57.87
2024-02-19,0.1125,4.9585,130.6,27.6,32.43,57.44
2024-02-20,0.1125,4.9408,130.57,28.2,32.09,56.18
2024-02-21,0.1125,4.9303,133.51,28.04,32.13,56.6
2024-02-22,0.1125,4.9419,132.58,27.88,31.89,57.21
2024-02-23,0.1125,4.9851,125.68,27.97,31.67,57.34
2024-02-26,0.1125,4.9819,122.68,28.05,32.27,55.96
2024-02-27,0.1125,4.9575,123.7,28.39,32.22,57.43
2024-02-28,0.1125,4.9557,126.66,28.41,30.56,56.8
2024-02-29,0.1125,4.9833,126.63,27.7,30.34,57.01
2024-03-01,0.1125,4.9596,124.66,27.83,30.37,56.92
2024-03-04,0.1125,4.9475,124.63,27.61,30.3,56.79
2024-03-05,0.1125,4.9488,124.71,27.59,30.21,56.04
2024-03-06,0.1125,4.9398,127.6,27.89,30.87,56.81
2024-03-07,0.1125,4.9364,128.63,27.6,30.53,56.61
2024-03-08,0.1125,4.9751,127.61,27.85,27.74,56.18
2024-03-11,0.1125,4.9777,129.6,27.99,26.95,54.43
2024-03-12,0.1125,4.9813,128.65,28.1,27.83,54.09
2024-03-13,0.1125,4.9803,124.72,28.38,27.5,54.44
2024-03-14,0.1125,4.9768,120.76,28.36,27.38,53.75
2024-03-15,0.1125,4.9937,123.75,28.21,27.45,53.13
2024-03-18,0.1125,5.0124,124.71,28.32,27.47,54.15
2024-03-19,0.1125,5.0352,124.7,28.36,27.27,54.59
2024-03-20,0.1125,5.012,124.67,28.42,27.74,54.96
2024-03-21,0.1075,4.9807,135.41,28.13,26.99,54.82
2024-03-22,0.1075,4.9897,131.53,27.73,27.25,54.19
2024-03-25,0.1075,4.9869,135.42,27.73,27.67,54.08
2024-03-26,0.1075,4.987,133.54,28.29,27.41,53.39
2024-03-27,0.1075,4.9856,133.48,28.44,27.63,53.88
2024-03-28,0.1075,4.9962,135.45,28.49,28.24,54.08
2024-04-01,0.1075,5.0532,138.42,27.52,28.46,54.43
2024-04-02,0.1075,5.0476,140.51,27.55,29.19,55.07
2024-04-03,0.1075,5.0724,143.36,27.35,29.04,54.28
2024-04-04,0.1075,5.0237,145.31,26.98,28.71,53.68
2024-04-05,0.1075,5.052,148.26,26.93,28.8,53.09
2024-04-08,0.1075,5.0421,147.4,27.34,29.2,55.99
2024-04-09,0.1075,5.008,144.38,27.63,29.28,55.61
2024-04-10,0.1075,5.0654,142.3,27.04,29.93,54.77
2024-04-11,0.1075,5.0765,146.58,26.99,29.71,55.0
2024-04-12,0.1075,5.1364,148.26,26.71,29.44,54.8
2024-04-15,0.1075,5.1746,153.11,26.26,29.72,55.12
2024-04-16,0.1075,5.2635,159.15,26.06,29.85,54.63
2024-04-17,0.1075,5.2469,162.11,26.08,30.07,55.22
2024-04-18,0.1075,5.2512,161.94,26.11,30.12,55.43
2024-04-19,0.1075,5.2269,163.1,25.96,30.64,56.33
2024-04-22,0.1075,5.2043,162.02,25.95,31.37,56.31
2024-04-23,0.1075,5.1626,157.09,26.33,31.31,55.82
2024-04-24,0.1075,5.1592,152.14,26.22,31.17,56.51
2024-04-25,0.1075,5.1679,151.24,26.07,31.91,55.32
2024-04-26,0.1075,5.1184,154.24,26.51,32.37,55.32
2024-04-29,0.1075,5.1155,150.21,26.3,32.75,56.81
2024-04-30,0.1075,5.1718,146.24,25.81,32.65,56.27
2024-05-02,0.1075,5.1184,144.23,26.18,32.78,56.83
2024-05-03,0.1075,5.0668,142.28,26.51,32.36,56.89
2024-05-06,0.1075,5.0727,137.36,26.68,32.58,57.06
2024-05-07,0.1075,5.061,135.48,27.23,32.98,57.42
2024-05-08,0.1075,5.0887,135.48,27.4,33.48,56.89
2024-05-09,0.105,5.1577,138.47,26.58,33.8,57.36
2024-05-10,0.105,5.1464,138.42,26.88,33.73,57.16
2024-05-13,0.105,5.1412,139.47,27.21,33.76,57.5
2024-05-14,0.105,5.1356,138.93,27.51,33.16,57.46
2024-05-15,0.105,5.1423,99.37,27.43,31.15,57.29
2024-05-16,0.105,5.127,141.29,27.35,30.24,57.71
2024-05-17,0.105,5.1157,140.48,27.36,29.76,58.84
2024-05-20,0.105,5.1085,139.47,27.28,29.81,58.81
2024-05-21,0.105,5.1037,140.45,27.14,29.76,58.65
2024-05-22,0.105,5.1502,140.4,26.72,30.16,58.18
2024-05-23,0.105,5.1443,144.41,26.48,29.86,57.84
2024-05-24,0.105,5.1508,148.38,26.22,29.7,57.86
2024-05-27,0.105,5.1704,146.34,26.13,30.02,58.06
2024-05-28,0.105,5.1538,146.34,25.99,30.66,56.8
2024-05-29,0.105,5.1972,146.4,25.81,30.62,56.23
2024-05-31,0.105,5.2416,197.94,25.55,31.47,56.19
2024-06-03,0.105,5.2373,143.35,25.91,31.3,55.01
2024-06-04,0.105,5.2687,141.83,26.0,30.95,54.45
2024-06-05,0.105,5.2841,144.8,25.95,30.99,53.68
2024-06-06,0.105,5.2681,143.35,26.28,31.14,54.42
2024-06-07,0.105,5.2802,144.37,25.91,29.97,53.71
2024-06-10,0.105,5.3666,146.53,25.7,30.42,54.3
2024-06-11,0.105,5.3524,146.37,25.99,30.55,54.22
2024-06-12,0.105,5.3891,149.25,25.95,29.89,53.47
2024-06-13,0.105,5.3974,200.49,25.68,29.59,54.08
2024-06-14,0.105,5.363,152.98,25.65,28.94,53.9
2024-06-17,0.105,5.413,158.11,26.28,29.04,53.68
2024-06-18,0.105,5.4074,159.23,26.26,29.95,53.93
2024-06-19,0.105,5.4647,158.04,26.47,29.98,54.1
2024-06-20,0.105,5.4254,158.15,26.29,30.45,54.59
2024-06-21,0.105,5.4416,162.1,26.47,30.61,54.08
2024-06-24,0.105,5.4,165.01,26.85,30.92,54.15
2024-06-25,0.105,5.429,161.07,26.94,30.9,53.92
2024-06-26,0.105,5.5097,160.11,26.89,30.95,54.59
2024-06-27,0.105,5.5229,164.14,26.94,31.46,54.73
2024-06-28,0.105,5.5589,166.94,26.91,31.75,55.32
2024-07-01,0.105,5.5893,169.97,26.79,32.23,56.14
2024-07-02,0.105,5.6677,169.03,27.13,32.13,55.95
2024-07-03,0.105,5.5863,168.84,27.3,31.57,57.06
2024-07-04,0.105,5.4839,161.94,27.34,31.14,56.78
2024-07-05,0.105,5.497,162.03,27.36,31.3,56.55
2024-07-08,0.105,5.472,156.0,27.31,32.07,56.1
2024-07-09,0.105,5.4387,153.21,27.5,32.06,56.03
2024-07-10,0.105,5.3967,153.2,27.79,31.76,55.28
2024-07-11,0.105,5.41,147.29,27.96,31.98,55.13
2024-07-12,0.105,5.4529,148.12,27.8,31.83,55.94
2024-07-15,0.105,5.4563,145.28,27.91,32.12,56.0
2024-07-16,0.105,5.4274,148.28,28.07,32.04,55.42
2024-07-17,0.105,5.467,148.24,28.38,32.21,54.9
2024-07-18,0.105,5.5426,152.22,28.25,32.15,54.39
2024-07-19,0.105,5.5543,152.22,28.46,32.28,54.34
2024-07-22,0.105,5.5598,157.2,28.45,31.64,54.28
2024-07-23,0.105,5.5807,153.22,28.41,31.23,53.55
2024-07-24,0.105,5.6346,153.17,28.36,31.48,53.88
2024-07-25,0.105,5.6402,159.08,28.24,31.44,53.85
2024-07-26,0.105,5.6465,158.12,28.45,31.41,54.65
2024-07-29,0.105,5.6479,155.11,28.66,30.77,54.75
2024-07-30,0.105,5.6532,156.16,28.55,30.58,53.54
2024-07-31,0.105,5.6621,156.16,28.15,31.21,54.8
2024-08-01,0.105,5.6681,158.01,27.74,30.74,53.57
2024-08-02,0.105,5.7366,162.89,27.39,29.81,52.82
2024-08-05,0.105,5.7646,170.45,27.39,29.79,52.55
2024-08-06,0.105,5.6528,176.81,28.0,30.3,52.82
2024-08-07,0.105,5.6093,175.96,28.07,30.26,52.71
2024-08-08,0.105,5.6172,170.9,27.97,30.75,52.39
2024-08-09,0.105,5.5115,165.03,28.73,30.46,52.59
2024-08-12,0.105,5.4911,163.96,28.77,31.15,52.32
2024-08-13,0.105,5.4875,164.89,29.58,30.96,52.09
2024-08-14,0.105,5.4502,160.92,30.32,31.51,51.61
2024-08-15,0.105,5.4651,156.13,30.8,31.99,51.82
2024-08-16,0.105,5.4632,150.34,30.54,32.12,51.68
2024-08-19,0.105,5.4237,151.15,30.72,32.07,52.51
2024-08-20,0.105,5.4547,145.3,30.95,31.95,52.71
2024-08-21,0.105,5.4707,147.19,30.82,31.76,53.73
2024-08-22,0.105,5.5524,146.26,30.54,31.85,53.8
2024-08-23,0.105,5.5263,145.24,30.31,31.66,52.9
2024-08-26,0.105,5.4921,145.24,30.37,33.95,53.5
2024-08-27,0.105,5.4969,142.9,30.41,33.5,55.11
2024-08-28,0.105,5.5315,141.89,31.06,33.98,54.71
2024-08-29,0.105,5.6358,143.87,30.72,33.75,54.65
2024-08-30,0.105,5.6562,144.87,30.51,33.78,54.91
2024-09-02,0.105,5.623,149.31,30.26,33.47,54.13
2024-09-03,0.105,5.6224,149.28,30.75,33.06,52.12
2024-09-04,0.105,5.6359,158.07,30.97,33.07,52.52
2024-09-05,0.105,5.6049,154.06,31.17,32.87,52.9
2024-09-06,0.105,5.5702,154.18,30.73,32.22,52.24
2024-09-09,0.105,5.6097,156.07,31.03,32.57,52.24
2024-09-10,0.105,5.6254,154.2,31.03,32.03,51.61
2024-09-11,0.105,5.6387,157.07,31.09,32.0,53.07
2024-09-12,0.105,5.6554,154.25,30.75,31.64,53.55
2024-09-13,0.105,5.5717,152.23,30.78,31.49,53.91
2024-09-16,0.105,5.5207,152.18,30.77,31.93,53.91
2024-09-17,0.105,5.501,151.22,30.7,31.78,53.65
2024-09-18,0.105,5.4767,147.36,30.52,31.02,53.03
2024-09-19,0.1075,5.4189,147.36,30.44,31.12,53.66
2024-09-20,0.1075,5.4775,136.45,30.11,31.11,52.85
2024-09-23,0.1075,5.5446,155.06,29.93,31.43,53.02
2024-09-24,0.1075,5.4702,155.06,29.92,31.56,55.61
2024-09-25,0.1075,5.4736,155.01,30.3,31.79,55.86
2024-09-26,0.1075,5.4412,158.06,30.68,31.11,59.21
2024-09-27,0.1075,5.4431,153.16,30.8,30.99,58.94
2024-09-30,0.1075,5.4481,153.03,30.26,30.9,58.53
2024-10-01,0.1075,5.4521,153.03,29.76,31.72,58.82
2024-10-02,0.1075,5.4305,151.09,29.94,32.16,59.14
2024-10-03,0.1075,5.485,151.09,29.21,32.56,58.0
2024-10-04,0.1075,5.4686,151.09,29.27,32.47,57.58
2024-10-07,0.1075,5.4626,143.49,29.46,32.93,58.09
2024-10-08,0.1075,5.5197,146.3,29.63,32.26,56.33
2024-10-09,0.1075,5.5737,150.41,29.09,31.94,56.18
2024-10-10,0.1075,5.5819,149.23,29.25,32.31,56.45
2024-10-11,0.1075,5.6263,151.12,29.03,32.28,57.26
2024-10-14,0.1075,5.6045,151.12,29.22,32.36,57.07
2024-10-15,0.1075,5.6378,155.1,29.55,32.09,56.37
2024-10-16,0.1075,5.6749,153.1,29.37,31.93,57.45
2024-10-17,0.1075,5.6758,154.09,29.43,31.69,56.0
2024-10-18,0.1075,5.6672,151.22,29.58,31.6,55.8
2024-10-21,0.1075,5.7068,150.15,29.42,31.11,55.6
2024-10-22,0.1075,5.6958,154.25,29.48,30.99,55.67
2024-10-23,0.1075,5.7149,156.09,29.66,30.6,54.7
2024-10-24,0.1075,5.7087,159.07,29.93,30.81,55.02
2024-10-25,0.1075,5.6969,157.02,29.59,31.02,56.89
2024-10-28,0.1075,5.6988,157.09,29.95,30.97,57.95
2024-10-29,0.1075,5.714,157.09,29.63,30.9,57.75
2024-10-30,0.1075,5.7801,153.58,29.55,30.76,57.57
2024-10-31,0.1075,5.7779,154.19,29.36,30.81,57.19
2024-11-01,0.1075,5.8073,157.57,29.2,30.39,57.17
2024-11-04,0.1075,5.7898,160.9,29.59,30.46,57.76
2024-11-05,0.1075,5.7846,164.91,30.48,30.37,57.25
2024-11-06,0.1075,5.7648,165.03,30.34,30.38,56.6
2024-11-07,0.1125,5.6624,155.08,29.89,30.47,58.58
2024-11-08,0.1125,5.7648,153.44,29.42,31.05,55.88
2024-11-11,0.1125,5.798,153.47,29.46,31.11,54.05
2024-11-12,0.1125,5.7694,153.49,29.1,31.69,52.83
2024-11-13,0.1125,5.7713,160.64,28.95,31.65,52.68
2024-11-14,0.1125,5.7885,159.45,28.87,31.98,52.38
2024-11-18,0.1125,5.7603,166.33,28.77,32.78,53.04
2024-11-19,0.1125,5.7743,163.32,29.03,32.44,53.16
2024-11-21,0.1125,5.8173,156.14,28.53,32.53,53.1
2024-11-22,0.1125,5.8124,154.17,28.61,33.83,53.62
2024-11-25,0.1125,5.8002,155.14,28.6,33.62,53.61
2024-11-26,0.1125,5.799,153.02,29.15,33.58,52.93
2024-11-27,0.1125,5.8291,154.19,28.43,33.46,53.57
2024-11-28,0.1125,5.9871,157.98,27.41,33.11,53.02
2024-11-29,0.1125,6.0535,161.52,27.34,33.38,54.17
2024-12-02,0.1125,6.0634,161.46,26.95,33.59,54.3
2024-12-03,0.1125,6.0707,168.91,27.26,33.89,53.89
2024-12-04,0.1125,6.0581,170.86,27.42,33.68,52.83
2024-12-05,0.1125,5.9849,167.82,28.01,34.01,53.27
2024-12-06,0.1125,6.0293,164.48,27.44,33.49,52.36
2024-12-09,0.1125,6.057,166.38,27.58,34.36,55.14
2024-12-10,0.1125,6.0529,172.87,27.95,34.49,55.08
2024-12-11,0.1125,6.032,168.94,28.22,34.83,54.23
2024-12-12,0.1225,5.9408,163.04,27.52,34.21,52.73
2024-12-13,0.1225,6.04,166.5,27.16,33.99,51.94
2024-12-16,0.1225,6.0509,172.43,26.86,33.85,51.91
2024-12-17,0.1225,6.1685,180.65,27.01,34.17,52.17
2024-12-18,0.1225,6.1624,187.02,26.24,33.29,50.96
2024-12-19,0.1225,6.1841,218.14,26.38,33.15,50.0
2024-12-20,0.1225,6.078,208.05,26.69,32.88,50.79
2024-12-23,0.1225,6.1612,200.14,26.17,32.89,51.0
2024-12-26,0.1225,6.1656,198.24,26.34,33.13,51.15
2024-12-27,0.1225,6.1991,198.24,26.08,33.03,50.9
2024-12-30,0.1225,6.1923,205.02,26.03,33.52,50.72
2025-01-02,0.1225,6.2086,214.38,25.91,34.06,50.44
2025-01-03,0.1225,6.1563,208.95,25.28,33.7,49.5
2025-01-06,0.1225,6.1119,199.17,26.41,33.54,48.87
2025-01-07,0.1225,6.0741,192.35,26.7,34.25,48.4
2025-01-08,0.1225,6.1321,188.48,26.27,33.98,47.93
2025-01-09,0.1225,6.0896,192.75,26.34,34.13,47.63
2025-01-10,0.1225,6.0965,188.88,25.97,34.22,47.9
2025-01-13,0.1225,6.1079,197.49,26.16,34.34,47.89
2025-01-14,0.1225,6.0671,194.32,26.18,34.11,48.21
2025-01-15,0.1225,6.0377,192.29,27.31,34.54,48.91
2025-01-16,0.1225,6.0322,186.2,27.23,34.32,48.97
2025-01-17,0.1225,6.0609,187.34,27.42,34.46,50.67
2025-01-20,0.1225,6.0498,186.0,27.69,34.54,50.48
2025-01-21,0.1225,6.044,180.59,27.74,34.55,50.23
2025-01-22,0.1225,5.9674,181.57,27.64,34.36,48.96
2025-01-23,0.1225,5.9399,175.29,27.58,34.12,48.65
2025-01-24,0.1225,5.8925,172.8,27.52,33.94,49.31
2025-01-27,0.1225,5.9272,173.72,28.18,34.44,50.17
2025-01-28,0.1225,5.893,179.51,28.23,34.39,48.95
2025-01-29,0.1225,5.8596,178.71,28.16,34.18,49.09
2025-01-30,0.1325,5.9006,177.29,28.85,34.63,51.17
2025-01-31,0.1325,5.8301,177.15,28.66,34.91,50.37
2025-02-03,0.1325,5.8687,174.78,28.4,34.74,50.4
2025-02-04,0.1325,5.7927,177.28,28.5,34.39,50.23
2025-02-05,0.1325,5.7997,171.26,28.93,34.14,50.5
2025-02-06,0.1325,5.7856,172.67,28.98,34.08,51.26
2025-02-07,0.1325,5.7557,172.82,28.77,33.88,50.98
2025-02-10,0.1325,5.7808,170.93,29.08,34.12,51.51
2025-02-11,0.1325,5.7788,171.8,29.39,34.12,51.29
2025-02-12,0.1325,5.7711,171.85,28.57,33.61,50.94
2025-02-13,0.1325,5.7788,168.05,28.73,33.64,51.01
2025-02-14,0.1325,5.7283,167.79,29.49,34.68,51.76
2025-02-17,0.1325,5.7105,165.83,29.55,34.89,51.48
2025-02-18,0.1325,5.6979,165.93,29.5,35.53,51.83
2025-02-19,0.1325,5.7087,163.57,29.22,35.61,51.78
2025-02-20,0.1325,5.7019,164.46,29.14,35.66,53.69
2025-02-21,0.1325,5.7027,164.47,29.06,35.56,54.08
2025-02-24,0.1325,5.7258,168.29,28.9,35.31,53.58
2025-02-25,0.1325,5.7779,170.37,29.19,35.15,53.06
2025-02-26,0.1325,5.7757,170.75,29.12,35.15,52.74
2025-02-27,0.1325,5.8228,170.84,29.09,33.91,52.35
2025-02-28,0.1325,5.8488,176.29,28.38,33.28,51.28
2025-03-05,0.1325,5.7914,178.77,28.8,32.07,51.69
2025-03-06,0.1325,5.7489,173.83,28.86,31.74,52.26
2025-03-07,0.1325,5.7688,173.79,28.98,32.08,53.02
2025-03-10,0.1325,5.793,178.08,29.24,32.07,52.16
2025-03-11,0.1325,5.8346,178.33,28.98,31.59,52.59
2025-03-12,0.1325,5.8268,174.93,29.07,31.59,51.94
2025-03-13,0.1325,5.8131,178.2,29.54,31.9,52.65
2025-03-14,0.1325,5.7419,173.96,30.5,32.88,54.38
2025-03-17,0.1325,5.7082,174.88,31.42,33.5,55.16
2025-03-18,0.1325,5.6852,170.39,31.59,33.52,55.57
2025-03-19,0.1325,5.6657,167.39,31.67,33.5,55.47
2025-03-20,0.1425,5.6628,189.73,31.37,33.57,55.3
2025-03-21,0.1425,5.7241,190.23,31.44,34.09,55.5
2025-03-24,0.1425,5.7403,182.63,31.47,34.04,55.21
2025-03-25,0.1425,5.6992,179.45,31.72,34.31,55.4
2025-03-26,0.1425,5.7298,181.99,31.38,34.63,55.73
2025-03-27,0.1425,5.7474,180.98,31.42,34.89,56.18
2025-03-28,0.1425,5.766,185.17,30.99,34.67,55.61
2025-03-31,0.1425,5.7422,188.36,30.72,34.42,54.78
2025-04-01,0.1425,5.7051,182.86,30.72,34.55,55.25
2025-04-02,0.1425,5.6923,184.04,30.73,34.46,55.0
2025-04-03,0.1425,5.6067,188.78,31.28,33.35,53.01
2025-04-04,0.1425,5.7777,199.72,30.47,32.0,50.89
2025-04-07,0.1425,5.8877,200.24,30.53,30.73,50.29
2025-04-08,0.1425,5.9368,210.58,30.54,29.64,47.53
2025-04-09,0.1425,6.0605,185.9,31.1,30.85,50.09
2025-04-10,0.1425,5.9115,197.98,30.97,28.93,50.99
2025-04-11,0.1425,5.8737,198.35,31.13,29.5,51.84
2025-04-14,0.1425,5.8425,192.94,31.63,29.39,52.52
2025-04-15,0.1425,5.8707,191.18,32.04,28.72,51.99
2025-04-16,0.1425,5.8808,198.93,31.99,28.72,50.78
2025-04-17,0.1425,5.8559,194.17,32.05,29.28,51.09
2025-04-22,0.1425,5.7496,198.19,32.67,29.35,52.0
2025-04-23,0.1425,5.688,191.31,33.36,29.02,52.61
2025-04-24,0.1425,5.6738,184.83,34.0,28.88,53.43
2025-04-25,0.1425,5.6846,182.49,33.88,28.97,52.02
2025-04-28,0.1425,5.6681,182.46,34.24,28.86,52.21
2025-04-29,0.1425,5.6467,180.45,34.51,29.01,52.01
2025-04-30,0.1425,5.6608,181.91,34.81,28.47,51.07
2025-05-02,0.1425,5.6394,179.77,34.72,29.25,51.01
2025-05-05,0.1425,5.652,179.57,34.11,28.15,51.16
2025-05-06,0.1425,5.721,179.98,33.93,28.62,51.2
2025-05-07,0.1425,5.7375,177.63,34.3,28.75,51.11
2025-05-08,0.1475,5.686,177.84,34.58,29.15,50.95
2025-05-09,0.1475,5.6511,177.07,36.45,29.34,51.15
2025-05-12,0.1475,5.6822,163.1,35.71,30.04,52.44
2025-05-13,0.1475,5.6262,161.97,36.15,30.5,53.3
2025-05-14,0.1475,5.61,162.5,36.4,30.29,53.04
2025-05-15,0.1475,5.6328,164.77,36.89,30.25,53.57
2025-05-16,0.1475,5.6925,164.93,37.1,30.39,53.61
2025-05-19,0.1475,5.6591,165.37,37.54,30.36,53.46
2025-05-20,0.1475,5.662,161.49,37.49,30.48,53.47
2025-05-21,0.1475,5.6571,164.99,36.74,30.14,52.79
2025-05-22,0.1475,5.639,167.82,36.49,29.74,52.39
2025-05-23,0.1475,5.6932,168.78,36.93,29.81,52.48
2025-05-26,0.1475,5.6619,168.86,37.01,29.71,52.18
2025-05-27,0.1475,5.6539,162.94,37.3,29.93,52.01
2025-05-28,0.1475,5.6936,163.03,37.0,29.83,51.6
2025-05-29,0.1475,5.6559,161.39,36.7,29.65,51.64
2025-05-30,0.1475,5.7087,160.44,36.64,29.33,50.33
2025-06-02,0.1475,5.6937,157.1,36.39,29.5,50.78
2025-06-03,0.1475,5.6694,155.1,36.27,29.51,50.75
2025-06-04,0.1475,5.6332,156.44,36.18,28.7,50.98
2025-06-05,0.1475,5.5969,160.06,35.74,28.71,51.12
2025-06-06,0.1475,5.5947,157.24,35.83,29.01,51.18
2025-06-09,0.1475,5.576,155.51,35.64,28.52,51.48
2025-06-10,0.1475,5.5557,154.58,35.59,29.38,51.83
2025-06-11,0.1475,5.539,151.06,35.91,30.36,51.38
2025-06-12,0.1475,5.5388,149.62,36.19,31.05,51.04
2025-06-13,0.1475,5.5652,152.18,35.75,31.81,50.36
2025-06-16,0.1475,5.5123,151.2,36.41,31.5,52.01
2025-06-17,0.1475,5.4773,151.6,36.62,32.21,49.67
2025-06-18,0.1475,5.4879,156.08,36.41,32.18,49.5
2025-06-20,0.15,5.4957,156.55,36.22,32.09,48.23
2025-06-23,0.15,5.5213,155.49,36.14,31.29,48.84
2025-06-24,0.15,5.4938,149.69,36.82,30.67,48.83
2025-06-25,0.15,5.5427,150.7,36.16,30.52,48.77
2025-06-26,0.15,5.5145,152.09,35.89,30.76,50.24
2025-06-27,0.15,5.4759,151.19,35.85,30.52,51.08
2025-06-30,0.15,5.4571,147.7,36.53,30.68,50.87
2025-07-01,0.15,5.4511,145.31,36.69,30.79,51.55
2025-07-02,0.15,5.4512,144.79,36.39,31.34,53.43
2025-07-03,0.15,5.4208,139.43,37.29,31.45,53.17
2025-07-04,0.15,5.409,139.37,37.31,31.41,53.33
2025-07-07,0.15,5.4552,143.81,36.82,31.35,52.55
2025-07-08,0.15,5.4571,144.81,36.73,31.8,52.73
2025-07-09,0.15,5.4626,141.3,35.97,31.6,52.21
2025-07-10,0.15,5.5433,147.76,34.86,31.52,53.41
2025-07-11,0.15,5.5722,147.78,34.57,31.91,54.1
2025-07-14,0.15,5.5595,147.76,34.52,31.49,53.48
2025-07-15,0.15,5.5576,147.82,34.63,31.24,52.08
2025-07-16,0.15,5.5722,150.15,34.8,31.08,52.56
2025-07-17,0.15,5.5737,147.78,35.33,30.77,52.46
2025-07-18,0.15,5.5466,145.75,34.68,30.3,52.71
2025-07-21,0.15,5.5625,145.76,35.09,30.36,54.15
2025-07-22,0.15,5.5709,147.23,34.61,30.65,55.55
2025-07-23,0.15,5.5537,147.32,35.0,31.28,55.47
2025-07-24,0.15,5.5239,144.83,34.67,31.23,54.61
2025-07-25,0.15,5.5426,147.28,34.82,31.27,53.81
2025-07-28,0.15,5.5877,147.26,34.09,31.31,53.29
2025-07-29,0.15,5.5764,149.21,34.29,31.72,52.96
2025-07-30,0.15,5.6034,150.26,34.68,32.04,52.01
2025-07-31,0.15,5.6021,147.75,34.77,31.92,51.65
2025-08-01,0.15,5.5436,151.97,34.56,31.5,51.93
2025-08-04,0.15,5.5113,149.26,34.93,31.45,52.34
2025-08-05,0.15,5.5119,150.75,35.31,31.59,52.28
2025-08-06,0.15,5.4802,149.26,35.76,31.63,51.95
2025-08-07,0.15,5.4638,144.83,36.39,31.81,52.32
2025-08-08,0.15,5.4254,141.41,36.64,29.85,53.51
2025-08-11,0.15,5.4473,138.41,36.87,30.04,53.45
2025-08-12,0.15,5.4052,136.92,37.63,30.12,54.01
2025-08-13,0.15,5.3928,133.94,37.27,29.89,54.09
2025-08-14,0.15,5.4095,136.48,37.22,29.51,53.42
2025-08-15,0.15,5.3928,136.45,37.1,29.5,53.32
2025-08-18,0.15,5.4155,137.95,37.36,29.69,53.2
2025-08-19,0.15,5.4716,138.89,36.28,29.37,53.24
2025-08-20,0.15,5.4726,141.84,36.3,29.55,53.0
2025-08-21,0.15,5.4828,141.43,36.34,29.62,53.45
2025-08-22,0.15,5.4392,138.33,37.36,30.47,54.79
2025-08-25,0.15,5.4174,138.95,37.17,30.65,54.92
2025-08-26,0.15,5.4218,139.88,36.92,30.43,55.41
2025-08-27,0.15,5.4428,138.91,37.54,30.66,55.38
2025-08-28,0.15,5.4115,135.47,38.32,30.93,55.4
2025-08-29,0.15,5.4264,136.82,38.45,31.1,55.56
2025-09-01,0.15,5.4378,136.66,38.76,31.17,55.6
2025-09-02,0.15,5.468,139.48,38.1,31.33,55.39
2025-09-03,0.15,5.4485,137.97,37.77,31.06,55.6
2025-09-04,0.15,5.4587,136.81,37.92,31.06,55.71
2025-09-05,0.15,5.3968,136.64,38.34,30.59,56.22
2025-09-08,0.15,5.4278,136.81,38.16,30.71,56.36
2025-09-09,0.15,5.4278,137.83,37.83,30.95,56.19
2025-09-10,0.15,5.4123,133.67,37.86,31.51,56.58
2025-09-11,0.15,5.3858,129.19,37.93,31.39,57.02
2025-09-12,0.15,5.3677,132.52,37.36,31.18,57.0
2025-09-15,0.15,5.3208,130.02,37.98,31.45,57.5
2025-09-16,0.15,5.3096,128.36,37.88,31.53,57.7
2025-09-17,0.15,5.3011,126.39,38.42,31.72,57.8
2025-09-18,0.15,5.301,125.89,38.47,31.41,57.69
2025-09-19,0.15,5.3276,126.22,38.98,31.06,57.92
2025-09-22,0.15,5.3457,136.82,38.42,31.37,58.0
2025-09-23,0.15,5.3063,134.82,39.03,31.9,57.67
2025-09-24,0.15,5.3112,134.67,38.77,32.62,57.89
2025-09-25,0.15,5.3425,137.17,38.46,32.36,58.21
2025-09-26,0.15,5.3445,137.8,38.65,32.25,57.09
2025-09-29,0.15,5.3229,136.14,38.87,31.81,57.28
2025-09-30,0.15,5.3186,135.81,39.05,31.46,57.58
2025-10-01,0.15,5.3208,135.13,38.35,31.38,58.31
