Date,ITUB4,PETR4,VALE3
2020-10-02,15.75226879119873,5.634552478790283,35.47067642211914
2020-10-05,15.919624328613281,5.93375825881958,36.24309539794922
2020-10-06,15.94752311706543,5.90413236618042,35.65313720703125
2020-10-07,15.828971862792969,5.862659931182861,36.595855712890625
2020-10-08,16.784292221069336,6.055217742919922,37.27705764770508
2020-10-09,16.7354793548584,5.865622043609619,37.465599060058594
2020-10-13,16.575098037719727,5.963383197784424,37.79402542114258
2020-10-14,16.52628517150879,5.915983200073242,38.31708526611328
2020-10-15,16.379854202270508,5.8508100509643555,37.9947395324707
2020-10-16,16.114870071411133,5.726387023925781,37.85485076904297
2020-10-19,16.289194107055664,5.782674312591553,37.678470611572266
2020-10-20,16.937705993652344,5.978194713592529,37.6115608215332
2020-10-21,17.091114044189453,5.972269058227539,38.22585678100586
2020-10-22,17.969715118408203,6.173715114593506,38.37790298461914
2020-10-23,17.739606857299805,6.093730926513672,38.59077453613281
2020-10-26,17.86512565612793,5.998931407928467,38.01298522949219
2020-10-27,17.356082916259766,5.889321804046631,38.03122329711914
2020-10-28,16.582067489624023,5.530867099761963,36.650596618652344
2020-10-29,16.665746688842773,5.714539051055908,37.721046447753906
2020-10-30,16.372879028320312,5.610853672027588,36.82697296142578
2020-11-03,16.774085998535156,5.82118558883667,38.52388000488281
2020-11-04,17.443939208984375,5.841923713684082,37.45343780517578
2020-11-05,17.855609893798828,5.892283916473389,38.043392181396484
2020-11-06,17.834688186645508,5.8508100509643555,38.43263626098633
2020-11-09,19.2790470123291,6.401822090148926,38.43263626098633
2020-11-10,20.151233673095703,6.837301254272461,38.41440200805664
2020-11-11,19.983768463134766,6.778050899505615,38.6820182800293
2020-11-12,19.495338439941406,6.490695953369141,38.11637496948242
2020-11-13,19.865158081054688,6.703989505767822,38.469139099121094
2020-11-16,20.562910079956055,6.89951229095459,39.48484420776367
2020-11-17,20.57686424255371,7.018008708953857,40.73167419433594
2020-11-18,20.07447624206543,6.976534843444824,40.415401458740234
2020-11-19,20.102388381958008,7.056520938873291,41.18783187866211
2020-11-23,20.165185928344727,7.435712814331055,43.359130859375
2020-11-24,20.730369567871094,7.767505168914795,45.49394226074219
2020-11-25,20.486156463623047,7.776393413543701,45.91968536376953
2020-11-26,20.053543090820312,7.649008750915527,46.57046127319336
2020-11-27,20.207059860229492,7.5542097091674805,47.70780944824219
2020-11-30,19.927959442138672,7.376465320587158,47.44020080566406
2020-12-01,20.769184112548828,7.58383321762085,49.416866302490234
2020-12-02,20.92976188659668,7.675670146942139,48.55929946899414
2020-12-03,20.915788650512695,7.891927719116211,48.02407455444336
2020-12-04,21.1252384185791,8.155584335327148,49.86087417602539
2020-12-07,21.250905990600586,7.998578071594238,50.4508171081543
2020-12-08,21.195051193237305,7.897854328155518,50.4204216003418
2020-12-09,21.32070541381836,7.980801105499268,50.29877471923828
2020-12-10,22.025808334350586,8.24149227142334,51.69764709472656
2020-12-11,21.895673751831055,8.16743278503418,51.61249542236328
2020-12-14,21.601858139038086,8.182247161865234,50.81574630737305
2020-12-15,21.79773712158203,8.250382423400879,51.393558502197266
2020-12-16,22.210460662841797,8.351103782653809,52.43967056274414
2020-12-17,22.182483673095703,8.36591625213623,53.035701751708984
2020-12-18,22.147504806518555,8.324443817138672,53.40062713623047
2020-12-21,21.755754470825195,8.004501342773438,52.828914642333984
2020-12-22,21.860687255859375,8.081523895263672,52.87757873535156
2020-12-23,22.3433780670166,8.28000545501709,53.13302230834961
2020-12-28,22.5042781829834,8.348142623901367,53.102603912353516
2020-12-29,22.455305099487305,8.374805450439453,52.95664978027344
2020-12-30,22.12651824951172,8.39554214477539,53.18776321411133
2021-01-04,21.626115798950195,8.564398765563965,55.62667465209961
2021-01-05,21.48613739013672,8.899154663085938,56.563316345214844
2021-01-06,22.116018295288086,8.916930198669434,58.41835403442383
2021-01-07,22.97686195373535,9.183549880981445,62.231807708740234
2021-01-08,22.969865798950195,9.219099998474121,62.03717041015625
2021-01-11,22.451953887939453,9.142077445983887,62.025028228759766
2021-01-12,22.521944046020508,9.073939323425293,60.32810974121094
2021-01-13,22.1510066986084,8.63550090789795,58.5217399597168
2021-01-14,22.80889320373535,8.724371910095215,59.48271179199219
2021-01-15,21.948055267333984,8.330368041992188,56.897830963134766
2021-01-18,21.83606719970703,8.315555572509766,57.36007308959961
2021-01-19,21.577106475830078,8.499226570129395,57.2080192565918
2021-01-20,21.220182418823242,8.35702896118164,56.14972686767578
2021-01-21,20.933238983154297,8.161507606506348,56.78227233886719
2021-01-22,20.485309600830078,8.025236129760742,56.666709899902344
2021-01-26,19.805391311645508,7.998578071594238,55.80305099487305
2021-01-27,19.805391311645508,8.117073059082031,54.25212097167969
2021-01-28,20.6046085357666,8.22372055053711,55.407718658447266
2021-01-29,19.868484497070312,7.906741142272949,53.49186706542969
2021-02-01,20.398075103759766,8.155584335327148,55.51111602783203
2021-02-02,19.963171005249023,8.490338325500488,53.31549835205078
2021-02-03,19.86497688293457,8.573287010192871,55.00022888183594
2021-02-04,19.78080177307129,8.537737846374512,54.306861877441406
2021-02-05,19.696626663208008,8.543662071228027,56.374778747558594
2021-02-08,19.331876754760742,8.32740592956543,57.177608489990234
2021-02-09,19.563352584838867,8.158547401428223,57.323577880859375
2021-02-10,19.423063278198242,8.235569953918457,57.597267150878906
2021-02-11,19.423063278198242,8.318517684936523,56.62413024902344
2021-02-12,19.472164154052734,8.425166130065918,57.1046142578125
2021-02-17,19.717670440673828,8.765846252441406,58.600807189941406
2021-02-18,19.57737922668457,8.671048164367676,59.23942947387695
2021-02-19,19.37396240234375,8.09633731842041,59.464473724365234
2021-02-22,17.96405601501465,6.419597148895264,57.992610931396484
2021-02-23,19.114418029785156,7.127618789672852,58.965728759765625
2021-02-24,18.833847045898438,7.228341579437256,59.56178283691406
2021-02-25,18.244632720947266,6.869888782501221,58.21156692504883
2021-02-26,18.023826599121094,6.588456630706787,57.48779296875
2021-03-01,17.483850479125977,6.5173563957214355,59.95103454589844
2021-03-02,18.189693450927734,6.514395713806152,61.793914794921875
2021-03-03,18.23204803466797,6.277400016784668,61.03364944458008
2021-03-04,18.80377960205078,6.582531452178955,60.127418518066406
2021-03-05,19.502578735351562,6.63289213180542,63.69422149658203
2021-03-08,18.881425857543945,6.25073766708374,63.35099792480469
2021-03-09,19.142587661743164,6.395897388458252,62.715389251708984
2021-03-10,19.28376007080078,6.61807918548584,61.749267578125
2021-03-11,19.312000274658203,6.89951229095459,63.37004852294922
2021-03-12,19.1849365234375,6.863961696624756,61.90815734863281
2021-03-15,19.410810470581055,7.006158351898193,61.53950881958008
2021-03-16,19.015533447265625,6.896548748016357,61.342464447021484
2021-03-17,19.756671905517578,7.133543014526367,62.22595977783203
2021-03-18,19.869611740112305,6.884700298309326,61.119991302490234
2021-03-19,19.911968231201172,7.109843730926514,60.242862701416016
2021-03-22,20.024898529052734,6.967646598815918,59.244964599609375
2021-03-23,19.516691207885742,6.754353046417236,57.878414154052734
2021-03-24,19.17788314819336,6.760276794433594,59.206825256347656
2021-03-25,19.516691207885742,6.872851371765137,58.75554656982422
2021-03-26,19.849498748779297,6.949872970581055,60.719573974609375
2021-03-29,19.842426300048828,7.059482574462891,62.27680969238281
2021-03-30,20.167713165283203,7.059482574462891,61.69840621948242
2021-03-31,19.77877426147461,7.139468669891357,62.27046585083008
2021-04-01,19.17384910583496,7.0772576332092285,61.90180587768555
2021-04-05,19.421478271484375,7.121694087982178,65.7154312133789
2021-04-06,19.1950740814209,7.115768909454346,64.86373138427734
2021-04-07,19.02528190612793,7.109843730926514,66.45911407470703
2021-04-08,18.87668800354004,7.020970344543457,66.42097473144531
2021-04-09,18.848392486572266,7.006158351898193,65.4675521850586
2021-04-12,19.315349578857422,7.0772576332092285,65.72181701660156
2021-04-13,19.308279037475586,7.100956916809082,65.8362045288086
2021-04-14,19.555917739868164,7.213529109954834,68.00999450683594
2021-04-15,19.555917739868164,7.070477485656738,68.7790756225586
2021-04-16,19.775239944458008,7.027608394622803,69.07144927978516
2021-04-19,19.478086471557617,7.434872627258301,68.47398376464844
2021-04-20,19.3790340423584,7.2940144538879395,67.47608947753906
2021-04-22,19.386112213134766,7.260330677032471,67.52057647705078
2021-04-23,19.478086471557617,7.25420618057251,68.63923645019531
2021-04-26,19.463930130004883,7.281764984130859,69.00789642333984
2021-04-27,19.166772842407227,7.073540210723877,69.99308776855469
2021-04-28,20.00090980529785,7.3307576179504395,71.13717651367188
2021-04-29,19.369892120361328,7.232771873474121,71.15623474121094
2021-04-30,19.518781661987305,7.232771873474121,69.29391479492188
2021-05-03,19.791893005371094,7.174590587615967,68.93798065185547
2021-05-04,18.947723388671875,7.0092339515686035,69.9803695678711
2021-05-05,19.486862182617188,7.297075271606445,70.36809539794922
2021-05-06,19.366254806518555,7.1960248947143555,73.12663269042969
2021-05-07,19.600370407104492,7.465493202209473,73.38087463378906
2021-05-10,19.89120101928711,7.563482761383057,72.8978042602539
2021-05-11,19.848642349243164,7.701277732849121,75.45931243896484
2021-05-12,19.557802200317383,7.587979793548584,72.66899871826172
2021-05-13,20.12530517578125,7.652283191680908,71.49947357177734
2021-05-14,20.572221755981445,8.053423881530762,70.27275085449219
2021-05-17,20.55803680419922,8.163663864135742,72.11602020263672
2021-05-18,20.515474319458008,8.068735122680664,72.84060668945312
2021-05-19,20.664438247680664,8.007490158081055,71.34693908691406
2021-05-20,20.7779483795166,7.940125465393066,70.62234497070312
2021-05-21,20.87725067138672,7.9462504386901855,69.53544616699219
2021-05-24,20.820510864257812,8.080982208251953,69.77699279785156
2021-05-25,20.606441497802734,7.912565231323242,68.04177856445312
2021-05-26,20.89066505432129,7.989119529724121,70.04393005371094
2021-05-27,20.713031768798828,7.934001445770264,70.54606628417969
2021-05-28,21.054100036621094,8.264711380004883,70.92742919921875
2021-05-31,20.990137100219727,8.227964401245117,72.95501708984375
2021-06-01,21.75439453125,8.356575012207031,71.95075988769531
2021-06-02,22.479543685913086,8.534178733825684,72.96772003173828
2021-06-04,22.948753356933594,8.727092742919922,71.76007843017578
2021-06-07,23.489051818847656,8.662789344787598,71.06090545654297
2021-06-08,23.32554054260254,8.776087760925293,69.86597442626953
2021-06-09,23.645458221435547,8.776087760925293,71.31513977050781
2021-06-10,23.56014633178711,8.782211303710938,71.07997131347656
2021-06-11,23.28288459777832,8.748528480529785,72.67535400390625
2021-06-14,23.204687118530273,8.8036470413208,72.28126525878906
2021-06-15,23.204687118530273,8.889388084411621,70.87023162841797
2021-06-16,23.666790008544922,8.923070907592773,68.7409439086914
2021-06-17,23.389528274536133,8.61379623413086,67.31082153320312
2021-06-18,22.962976455688477,8.67197322845459,69.3384017944336
2021-06-21,23.069608688354492,8.864891052246094,69.9867172241211
2021-06-22,22.771013259887695,8.910821914672852,70.8066635131836
2021-06-23,22.607507705688477,8.972065925598145,71.86813354492188
2021-06-24,22.6146183013916,9.079238891601562,71.96514129638672
2021-06-25,21.896575927734375,8.910821914672852,72.85311126708984
2021-06-28,21.647747039794922,8.895511627197266,71.68643951416016
2021-06-29,21.434471130371094,8.935319900512695,72.92440795898438
2021-06-30,21.185646057128906,9.011873245239258,73.404052734375
2021-07-01,21.118080139160156,8.898574829101562,72.12716674804688
2021-07-02,21.3456974029541,8.935319900512695,73.61795043945312
2021-07-05,21.05406951904297,8.834269523620605,73.35218811035156
2021-07-06,21.01849937438965,8.472935676574707,73.74109649658203
2021-07-07,21.110963821411133,8.5892972946167,73.95498657226562
2021-07-08,20.83357048034668,8.417818069458008,73.66979217529297
2021-07-12,21.118080139160156,8.491308212280273,74.58370208740234
2021-07-13,21.246109008789062,8.543364524841309,75.02445220947266
2021-07-14,21.274568557739258,8.472935676574707,74.61610412597656
2021-07-15,21.01849937438965,8.292272567749023,74.84945678710938
2021-07-16,20.677080154418945,8.169785499572754,73.50128173828125
2021-07-19,20.556163787841797,8.035051345825195,72.69755554199219
2021-07-20,20.826454162597656,8.14222526550293,73.30682373046875
2021-07-21,20.911808013916016,8.255524635314941,74.14944458007812
2021-07-22,20.698415756225586,8.237153053283691,74.3438720703125
2021-07-23,20.641523361206055,8.188157081604004,73.96794891357422
2021-07-26,21.004270553588867,8.411693572998047,75.57538604736328
2021-07-27,21.210554122924805,8.313705444335938,74.00682830810547
2021-07-28,21.900489807128906,8.485186576843262,76.02910614013672
2021-07-29,21.786691665649414,8.515807151794434,74.90777587890625
2021-07-30,21.551965713500977,8.240216255187988,70.49381256103516
2021-08-02,21.683610916137695,8.08710765838623,70.60399627685547
2021-08-03,21.897109985351562,8.221840858459473,73.00867462158203
2021-08-04,21.28510093688965,8.047298431396484,72.93089294433594
2021-08-05,21.349149703979492,8.681160926818848,70.70121765136719
2021-08-06,21.94692039489746,8.693411827087402,71.10308837890625
2021-08-09,22.203107833862305,8.63216781616211,70.65585327148438
2021-08-10,21.78324317932129,8.659728050231934,71.33641052246094
2021-08-11,22.02520179748535,8.779151916503906,70.82437133789062
2021-08-12,21.612451553344727,8.910821914672852,70.77900695800781
2021-08-13,21.904220581054688,8.98737621307373,70.19566345214844
2021-08-16,21.6641902923584,8.769964218139648,70.5197525024414
2021-08-17,21.585641860961914,8.76993465423584,69.35305786132812
2021-08-18,21.62849235534668,8.69206714630127,67.02616882324219
2021-08-19,21.350008010864258,8.64339828491211,63.20200729370117
2021-08-20,21.271474838256836,8.630419731140137,63.227943420410156
2021-08-23,21.499961853027344,8.766690254211426,62.35293960571289
2021-08-24,22.099756240844727,8.948382377624512,64.62796783447266
2021-08-25,22.12831687927246,8.997049331665039,64.49185180664062
2021-08-26,21.592782974243164,8.919182777404785,63.668704986572266
2021-08-27,21.96408462524414,9.243632316589355,65.26316833496094
2021-08-30,21.80699920654297,9.181988716125488,64.84834289550781
2021-08-31,22.09262466430664,8.821847915649414,63.96037292480469
2021-09-01,22.189056396484375,8.773179054260254,64.07056427001953
2021-09-02,21.388933181762695,8.630419731140137,63.869606018066406
2021-09-03,21.267499923706055,8.54281997680664,63.91499710083008
2021-09-06,21.53896141052246,8.584996223449707,62.910335540771484
2021-09-08,20.51738739013672,8.101564407348633,61.60106658935547
2021-09-09,20.78883934020996,8.27352237701416,61.38068771362305
2021-09-10,20.5816707611084,8.221612930297852,61.451988220214844
2021-09-13,20.838844299316406,8.51037311553955,61.41958236694336
2021-09-14,20.710268020629883,8.396814346313477,60.98530960083008
2021-09-15,20.374513626098633,8.54281997680664,59.46214294433594
2021-09-16,20.360212326049805,8.468194007873535,56.992652893066406
2021-09-17,19.87442970275879,8.088586807250977,55.83894348144531
2021-09-20,19.424358367919922,7.997739315032959,53.63518142700195
2021-09-21,19.374357223510742,8.17943286895752,54.52317428588867
2021-09-22,19.824417114257812,8.387081146240234,56.46116256713867
2021-09-23,20.510236740112305,8.708290100097656,56.459190368652344
2021-09-24,20.224475860595703,8.727755546569824,55.586299896240234
2021-09-27,20.753131866455078,8.805624008178711,56.380489349365234
2021-09-28,20.28162956237793,8.747221946716309,53.55430221557617
2021-09-29,20.645963668823242,8.886738777160645,54.2340202331543
2021-09-30,20.667400360107422,8.834823608398438,54.548828125
2021-10-01,21.207048416137695,9.084651947021484,54.52021408081055
2021-10-04,17.397357940673828,9.340970039367676,54.012210845947266
2021-10-05,17.819068908691406,9.545374870300293,53.6258544921875
2021-10-06,17.876245498657227,9.292302131652832,55.13554000854492
2021-10-07,17.49742317199707,9.279325485229492,56.78115463256836
2021-10-08,17.62608528137207,9.448040008544922,57.131744384765625
2021-10-11,17.3187313079834,9.512930870056152,58.398162841796875
2021-10-13,17.34018325805664,9.613508224487305,56.66667556762695
2021-10-14,17.25440216064453,9.629732131958008,56.66667556762695
2021-10-15,17.69756507873535,9.603776931762695,57.725608825683594
2021-10-18,17.819068908691406,9.555108070373535,57.18183135986328
2021-10-19,17.397357940673828,9.087896347045898,56.523582458496094
2021-10-20,17.861957550048828,9.246877670288086,54.85648727416992
2021-10-21,17.49742317199707,8.906205177307129,53.7761116027832
2021-10-22,16.825544357299805,8.818603515625,54.434364318847656
2021-10-25,17.154340744018555,9.42208194732666,55.09260559082031
2021-10-26,16.968502044677734,9.33123779296875,54.50590896606445
2021-10-27,17.097156524658203,9.308525085449219,53.26810836791992
2021-10-28,17.061416625976562,9.396127700805664,52.73148727416992
2021-10-29,16.661144256591797,8.808871269226074,51.23612976074219
2021-11-01,17.32470703125,9.084651947021484,51.74412155151367
2021-11-03,17.48922348022461,8.711532592773438,47.81608581542969
2021-11-04,16.56647300720215,8.435749053955078,47.27231979370117
2021-11-05,16.36618995666504,8.387081146240234,45.869956970214844
2021-11-08,16.28036117553711,8.474684715270996,48.367008209228516
2021-11-09,16.115833282470703,8.64339828491211,47.17930221557617
2021-11-10,16.523563385009766,8.575263023376465,47.00043487548828
2021-11-11,16.487794876098633,8.581754684448242,48.66036605834961
2021-11-12,16.4520320892334,8.756957054138184,48.867855072021484
2021-11-16,16.28036117553711,8.847803115844727,47.45834732055664
2021-11-17,16.3447265625,8.623931884765625,46.506744384765625
2021-11-18,16.072917938232422,8.610954284667969,44.59638977050781
2021-11-19,15.93701171875,8.468194007873535,45.81271743774414
2021-11-22,15.976506233215332,8.55255126953125,48.359859466552734
2021-11-23,16.24433708190918,9.019763946533203,49.6334342956543
2021-11-24,16.678674697875977,9.204700469970703,50.78536605834961
2021-11-25,16.830703735351562,9.610265731811523,50.44192886352539
2021-11-26,16.51218605041504,9.23714542388916,49.11112976074219
2021-11-29,16.403594970703125,9.56159782409668,49.726444244384766
2021-11-30,16.200904846191406,9.548619270324707,50.04841613769531
2021-12-01,16.0977840423584,9.603776931762695,50.248748779296875
2021-12-02,16.706336975097656,10.336549758911133,52.581241607666016
2021-12-03,16.648380279541016,10.482342720031738,51.422149658203125
2021-12-06,16.84398651123047,10.529722213745117,54.21255874633789
2021-12-07,16.633888244628906,10.701027870178223,54.61322784423828
2021-12-08,16.474502563476562,10.697381973266602,54.20540237426758
2021-12-09,16.032573699951172,10.675515174865723,53.7904167175293
2021-12-10,16.054304122924805,10.806724548339844,54.12670135498047
2021-12-13,15.626875877380371,10.741118431091309,55.707923889160156
2021-12-14,15.779010772705078,10.613554954528809,55.700775146484375
2021-12-15,15.728294372558594,10.679159164428711,55.38596725463867
2021-12-16,15.887685775756836,10.821306228637695,57.55387496948242
2021-12-17,15.53993034362793,10.566170692443848,56.64522171020508
2021-12-20,15.300865173339844,10.263657569885254,56.0084228515625
2021-12-21,15.322596549987793,10.278236389160156,57.48232650756836
2021-12-22,15.380552291870117,10.263657569885254,57.18183135986328
2021-12-23,15.460238456726074,10.325617790222168,56.63090896606445
2021-12-27,15.619624137878418,10.478699684143066,56.48781204223633
2021-12-28,15.561666488647461,10.489632606506348,55.128379821777344
2021-12-29,15.431267738342285,10.4021577835083,55.271484375
2021-12-30,15.177703857421875,10.369354248046875,55.779476165771484
2022-01-03,15.596543312072754,10.602620124816895,55.80809020996094
2022-01-04,16.038843154907227,10.64271354675293,55.149837493896484
2022-01-05,15.734312057495117,10.230853080749512,55.672149658203125
2022-01-06,16.053342819213867,10.223563194274902,56.795467376708984
2022-01-07,16.408641815185547,10.270946502685547,60.10102462768555
2022-01-10,16.56089973449707,10.208985328674316,59.38553237915039
2022-01-11,16.930696487426758,10.51149845123291,60.51601028442383
2022-01-12,16.858190536499023,10.83224105834961,61.174259185791016
2022-01-13,17.169971466064453,11.050925254821777,60.24411392211914
2022-01-14,17.03945541381836,11.462785720825195,60.5947151184082
2022-01-17,17.03945541381836,11.481006622314453,60.27988815307617
2022-01-18,17.140968322753906,11.532033920288086,61.7537956237793
2022-01-19,17.02495574951172,11.477361679077148,63.11323165893555
2022-01-20,16.88719367980957,11.561189651489258,62.03999710083008
2022-01-21,16.89444923400879,11.579416275024414,60.75212860107422
2022-01-24,16.872690200805664,11.645023345947266,60.008018493652344
2022-01-25,17.48175621032715,12.024076461791992,60.14395523071289
2022-01-26,17.670289993286133,12.344815254211426,60.3156623840332
2022-01-27,17.757291793823242,12.34846305847168,60.45161437988281
2022-01-28,17.97481918334961,11.86005973815918,59.857765197753906
2022-01-31,18.366363525390625,11.790812492370605,57.86154556274414
2022-02-01,18.49526023864746,12.02772045135498,61.03831481933594
2022-02-02,18.205028533935547,11.85277271270752,61.38175964355469
2022-02-03,18.415447235107422,11.68875789642334,61.35313415527344
2022-02-04,18.473493576049805,11.892867088317871,62.96296691894531
2022-02-07,18.371912002563477,11.717921257019043,64.4869613647461
2022-02-08,18.575069427490234,11.601284980773926,65.38848114013672
2022-02-09,17.83497428894043,11.645023345947266,65.40278625488281
2022-02-10,18.175994873046875,11.823615074157715,67.16289520263672
2022-02-11,19.2498779296875,12.304722785949707,65.803466796875
2022-02-14,19.206340789794922,12.02772045135498,65.51726531982422
2022-02-15,19.387741088867188,11.838193893432617,63.571144104003906
2022-02-16,19.184574127197266,12.002209663391113,64.03620910644531
2022-02-17,18.916101455688477,11.954826354980469,61.28157043457031
2022-02-18,18.98866844177246,12.02772045135498,61.410362243652344
2022-02-21,18.524288177490234,12.337528228759766,61.46044921875
2022-02-22,18.69391632080078,12.297436714172363,62.526527404785156
2022-02-23,18.432565689086914,12.472384452819824,61.868282318115234
2022-02-24,18.120397567749023,12.169870376586914,62.63385009765625
2022-02-25,18.490646362304688,12.39220142364502,66.02526092529297
2022-03-02,18.183813095092773,12.636398315429688,71.29840850830078
2022-03-03,18.198341369628906,12.479673385620117,71.33417510986328
2022-03-04,17.922283172607422,12.476030349731445,72.9583511352539
2022-03-07,17.537248611450195,11.590350151062012,75.1763687133789
2022-03-08,17.370159149169922,11.830904960632324,71.87796020507812
2022-03-09,18.234670639038086,11.867354393005371,69.98277282714844
2022-03-10,18.24920654296875,12.282855033874512,72.29348754882812
2022-03-11,18.045785903930664,11.841839790344238,71.91455078125
2022-03-14,18.300046920776367,11.615861892700195,68.05841064453125
2022-03-15,18.234670639038086,11.335216522216797,66.10433959960938
2022-03-16,18.590646743774414,11.236808776855469,67.70919799804688
2022-03-17,18.997472763061523,10.937938690185547,70.06449127197266
2022-03-18,19.13551139831543,11.156623840332031,71.39445495605469
2022-03-21,19.607717514038086,11.575770378112793,73.41541290283203
2022-03-22,19.876510620117188,11.524744987487793,71.77337646484375
2022-03-23,19.789339065551758,11.681468963623047,71.66192626953125
2022-03-24,19.920103073120117,11.816326141357422,72.00371551513672
2022-03-25,19.95642852783203,11.772588729858398,70.75548553466797
2022-03-28,19.94190216064453,11.51745319366455,70.83721160888672
2022-03-29,20.17437744140625,11.772588729858398,70.22795867919922
2022-03-30,20.21796226501465,12.024076461791992,71.23100280761719
2022-03-31,19.96369171142578,12.19173812866211,71.03038787841797
2022-04-01,20.020139694213867,12.031368255615234,72.0408706665039
2022-04-04,19.838403701782227,11.918378829956055,72.76900482177734
2022-04-05,19.43858528137207,11.805389404296875,70.66632080078125
2022-04-06,19.43131446838379,11.794459342956543,71.7362289428711
2022-04-07,19.41677474975586,12.406778335571289,72.16717529296875
2022-04-08,19.380416870117188,12.46873950958252,70.696044921875
2022-04-11,19.307735443115234,12.373974800109863,69.84161376953125
2022-04-12,18.966060638427734,12.337528228759766,69.37351989746094
2022-04-13,19.016950607299805,12.59995174407959,69.39579772949219
2022-04-14,19.140539169311523,12.468469619750977,68.4224853515625
2022-04-18,19.249574661254883,12.249160766601562,67.29312896728516
2022-04-19,18.907907485961914,12.619982719421387,65.14586639404297
2022-04-20,19.03148651123047,12.67979621887207,63.451847076416016
2022-04-22,18.66075325012207,12.18536376953125,59.77399826049805
2022-04-25,18.588048934936523,12.005932807922363,58.756107330322266
2022-04-26,17.955598831176758,11.98599624633789,57.95366668701172
2022-04-27,17.81021499633789,11.98599624633789,61.051963806152344
2022-04-28,17.664825439453125,12.065742492675781,62.56023406982422
2022-04-29,17.35224151611328,12.07371997833252,61.884117126464844
2022-05-02,17.277788162231445,11.954097747802734,61.609222412109375
2022-05-03,17.365087509155273,12.061756134033203,61.297149658203125
2022-05-04,17.34325408935547,12.787455558776855,60.784481048583984
2022-05-05,16.943138122558594,12.763530731201172,59.68485641479492
2022-05-06,17.306882858276367,13.182206153869629,59.26134490966797
2022-05-09,17.05953598022461,12.823342323303223,56.83173751831055
2022-05-10,16.97224235534668,12.93498706817627,56.12590026855469
2022-05-11,17.5396785736084,13.385558128356934,58.466346740722656
2022-05-12,17.816123962402344,13.489229202270508,57.87937545776367
2022-05-13,18.027090072631836,13.664673805236816,57.8125
2022-05-16,18.216238021850586,13.800244331359863,59.543678283691406
2022-05-17,18.376283645629883,13.620814323425293,59.29106140136719
2022-05-18,18.114389419555664,13.3975191116333,57.79021453857422
2022-05-19,18.056196212768555,13.624801635742188,59.328208923339844
2022-05-20,18.28171157836914,13.887968063354492,60.37582778930664
2022-05-23,18.754579544067383,14.434235572814941,61.609222412109375
2022-05-24,19.038299560546875,14.041208267211914,62.44136047363281
2022-05-25,18.696380615234375,14.241162300109863,62.63453674316406
2022-05-26,18.929166793823242,14.27670955657959,62.597381591796875
2022-05-27,19.031023025512695,13.5968656539917,63.689605712890625
2022-05-30,18.85643196105957,13.325818061828613,64.38057708740234
2022-05-31,19.031023025512695,13.356922149658203,64.05365753173828
2022-06-01,18.767240524291992,13.339147567749023,65.56195068359375
2022-06-02,18.84731101989746,13.223617553710938,66.7953109741211
2022-06-03,18.672607421875,13.454678535461426,65.72540283203125
2022-06-06,18.607084274291992,13.463563919067383,65.79228973388672
2022-06-07,18.607084274291992,13.623525619506836,67.33028411865234
2022-06-08,18.25037956237793,13.556876182556152,65.01213073730469
2022-06-09,17.937349319458008,13.361364364624023,62.81287384033203
2022-06-10,17.54424285888672,13.174738883972168,62.827720642089844
2022-06-13,17.333126068115234,13.005891799926758,60.83648681640625
2022-06-14,17.216650009155273,13.152525901794434,60.71760940551758
2022-06-15,17.289447784423828,12.921466827392578,60.680458068847656
2022-06-17,17.07105255126953,12.134981155395508,57.51530838012695
2022-06-20,17.813589096069336,12.272727012634277,56.0961799621582
2022-06-21,17.624319076538086,12.028339385986328,56.46767807006836
2022-06-22,17.4932804107666,11.992792129516602,55.9847297668457
2022-06-23,17.0928897857666,11.770623207092285,53.941490173339844
2022-06-24,17.063777923583984,11.681754112243652,55.44233703613281
2022-06-27,17.165693283081055,12.432690620422363,57.99082946777344
2022-06-28,16.976415634155273,12.588211059570312,59.031009674072266
2022-06-29,16.801700592041016,12.477126121520996,58.54063034057617
2022-06-30,16.503232955932617,12.41047191619873,56.883750915527344
2022-07-01,16.64723014831543,12.677080154418945,55.798980712890625
2022-07-04,16.48695182800293,12.948126792907715,55.479488372802734
2022-07-05,16.603511810302734,12.454910278320312,55.20458221435547
2022-07-06,16.450523376464844,12.294943809509277,55.72467803955078
2022-07-07,16.683658599853516,12.654861450195312,57.34441375732422
2022-07-08,16.690942764282227,12.797049522399902,56.02187728881836
2022-07-11,16.421382904052734,12.734845161437988,54.11239242553711
2022-07-12,16.384952545166016,12.543776512145996,54.275848388671875
2022-07-13,16.319379806518555,12.552661895751953,54.090087890625
2022-07-14,16.137245178222656,12.21496295928955,50.48655700683594
2022-07-15,16.42867088317871,12.423805236816406,50.798622131347656
2022-07-18,16.64723014831543,12.708185195922852,51.06608963012695
2022-07-19,17.208209991455078,12.965900421142578,51.177547454833984
2022-07-20,16.989648818969727,12.961458206176758,50.07048034667969
2022-07-21,17.128074645996094,12.894804954528809,50.94721984863281
2022-07-22,16.94593048095703,13.032551765441895,51.4227294921875
2022-07-25,17.19363784790039,13.641301155090332,52.37377166748047
2022-07-26,17.09893035888672,13.779046058654785,52.27717971801758
2022-07-27,17.15721321105957,13.930121421813965,52.396053314208984
2022-07-28,17.26649284362793,14.34780502319336,52.52236557006836
2022-07-29,17.208209991455078,15.174283027648926,51.82395553588867
2022-08-01,17.111719131469727,14.96544075012207,50.583152770996094
2022-08-02,17.293983459472656,15.032094955444336,52.195457458496094
2022-08-03,17.417936325073242,15.040974617004395,50.16707229614258
2022-08-04,17.84079933166504,15.20094108581543,49.87730407714844
2022-08-05,18.17618179321289,15.494205474853516,50.52370834350586
2022-08-08,18.40220069885254,16.276248931884766,50.954647064208984
2022-08-09,18.883403778076172,16.54285430908203,52.009700775146484
2022-08-10,19.233362197875977,16.489530563354492,52.04684829711914
2022-08-11,19.26252555847168,16.10740089416504,53.8597526550293
2022-08-12,19.495826721191406,17.303531646728516,54.549095153808594
2022-08-15,19.663524627685547,17.308988571166992,53.3768310546875
2022-08-16,19.88954734802246,17.467233657836914,54.564727783203125
2022-08-17,19.94057846069336,17.876497268676758,53.3221321105957
2022-08-18,19.882251739501953,18.23664665222168,52.92356491088867
2022-08-19,19.643705368041992,17.3144474029541,52.32961654663086
2022-08-22,19.42249870300293,17.685510635375977,51.563743591308594
2022-08-23,19.474109649658203,18.24755859375,54.869510650634766
2022-08-24,19.55521583557129,18.35669708251953,53.10330581665039
2022-08-25,19.798561096191406,18.160249710083008,54.134883880615234
2022-08-26,19.680572509765625,18.35669708251953,53.3221321105957
2022-08-29,19.614212036132812,18.8150634765625,52.290550231933594
2022-08-30,19.525728225708008,17.696422576904297,50.77442169189453
2022-08-31,19.031686782836914,18.13296890258789,50.4071159362793
2022-09-01,19.325105667114258,18.471284866333008,49.930389404296875
2022-09-02,19.590736389160156,18.23664665222168,49.17233657836914
2022-09-05,19.908029556274414,18.1929931640625,50.96979904174805
2022-09-06,19.723560333251953,17.516347885131836,49.75845718383789
2022-09-08,19.58336639404297,17.352643966674805,50.41493225097656
2022-09-09,19.738306045532227,17.347190856933594,54.353729248046875
2022-09-12,19.981815338134766,17.178028106689453,54.830440521240234
2022-09-13,19.775211334228516,16.72511100769043,53.33775329589844
2022-09-14,19.701417922973633,16.981582641601562,52.360870361328125
2022-09-15,19.75307273864746,16.948843002319336,53.41590881347656
2022-09-16,19.686670303344727,16.796049118041992,53.33775329589844
2022-09-19,20.424545288085938,17.063434600830078,55.06488037109375
2022-09-20,21.10340118408203,16.965211868286133,54.27556610107422
2022-09-21,20.88203239440918,17.008865356445312,53.49406051635742
2022-09-22,21.30262565612793,17.429039001464844,54.72101974487305
2022-09-23,20.88203239440918,16.337678909301758,53.58784103393555
2022-09-26,20.431928634643555,15.982986450195312,53.70507049560547
2022-09-27,20.313859939575195,16.19034767150879,52.90793228149414
2022-09-28,20.306493759155273,15.97207260131836,53.40809631347656
2022-09-29,20.60902214050293,15.993897438049316,53.47842788696289
2022-09-30,20.704946517944336,16.26128387451172,56.29966735839844
2022-10-03,21.965784072875977,17.56000518798828,57.8314208984375
2022-10-04,22.002695083618164,17.11800193786621,59.23031234741211
2022-10-05,22.002695083618164,17.761905670166016,60.14466857910156
2022-10-06,21.60399055480957,18.36760902404785,58.792667388916016
2022-10-07,21.648284912109375,18.351240158081055,59.01149368286133
2022-10-10,21.419397354125977,18.14388084411621,57.823604583740234
2022-10-11,21.271732330322266,18.00745964050293,57.43284225463867
2022-10-13,21.14621353149414,18.520401000976562,56.40907669067383
2022-10-14,21.153602600097656,18.23664665222168,54.572540283203125
2022-10-17,21.323413848876953,18.22027587890625,55.432193756103516
2022-10-18,21.847639083862305,18.667736053466797,56.237144470214844
2022-10-19,21.85502815246582,19.328006744384766,55.5728645324707
2022-10-20,22.19466209411621,19.90097427368164,56.284027099609375
2022-10-21,22.933013916015625,20.583072662353516,57.933013916015625
2022-10-24,21.891944885253906,18.68956184387207,56.21370315551758
2022-10-25,21.714744567871094,18.29667091369629,56.21370315551758
2022-10-26,21.24958610534668,17.849210739135742,57.464111328125
2022-10-27,21.640901565551758,17.985631942749023,55.416568756103516
2022-10-28,21.810726165771484,17.772817611694336,52.71255111694336
2022-10-31,22.445701599121094,16.266740798950195,52.46247100830078
2022-11-01,22.503067016601562,16.294023513793945,54.05674362182617
2022-11-03,22.340532302856445,16.343135833740234,52.47809982299805
2022-11-04,22.421796798706055,15.442758560180664,56.463783264160156
2022-11-07,21.912050247192383,14.815230369567871,56.16680908203125
2022-11-08,21.845565795898438,14.924365043640137,57.8704948425293
2022-11-09,20.796499252319336,14.678808212280273,57.16712951660156
2022-11-10,20.404951095581055,14.253181457519531,58.26124572753906
2022-11-11,19.7474422454834,14.727920532226562,64.31792449951172
2022-11-14,19.688331604003906,15.115354537963867,65.10723114013672
2022-11-16,19.407604217529297,14.815230369567871,64.42733001708984
2022-11-17,19.525808334350586,14.820687294006348,64.943115234375
2022-11-18,19.680950164794922,14.569671630859375,63.16909408569336
2022-11-21,19.74005126953125,14.613330841064453,62.45793151855469
2022-11-22,19.41499137878418,13.620109558105469,62.62986373901367
2022-11-23,19.21552848815918,13.68432903289795,63.247249603271484
2022-11-24,19.9025821685791,14.157205581665039,63.65363693237305
2022-11-25,19.200746536254883,13.929525375366211,63.22380828857422
2022-11-28,18.853525161743164,14.221427917480469,63.536399841308594
2022-11-29,19.01604461669922,14.816905975341797,65.99034881591797
2022-11-30,19.2081356048584,15.564169883728027,66.98285675048828
2022-12-01,19.20639419555664,14.939501762390137,67.35015869140625
2022-12-02,19.465145111083984,15.12631893157959,67.83468627929688
2022-12-05,18.895898818969727,14.957016944885254,67.76435089111328
2022-12-06,19.332073211669922,14.968689918518066,68.74905395507812
2022-12-07,19.19161033630371,14.799391746520996,66.30293273925781
2022-12-08,18.518871307373047,14.466622352600098,67.1156997680664
2022-12-09,18.342592239379883,14.425756454467773,69.3508071899414
2022-12-12,18.169189453125,13.95871353149414,67.27981567382812
2022-12-13,17.483135223388672,13.61427116394043,67.5636978149414
2022-12-14,17.55852508544922,12.534235954284668,68.1361312866211
2022-12-15,17.656532287597656,12.867006301879883,68.35570526123047
2022-12-16,17.85255241394043,12.872840881347656,67.18729400634766
2022-12-19,18.387826919555664,13.065496444702148,66.9442138671875
2022-12-20,18.58383560180664,13.468320846557617,67.24217987060547
2022-12-21,18.659229278564453,13.760222434997559,67.62642669677734
2022-12-22,18.696935653686523,14.00541877746582,67.24217987060547
2022-12-23,18.99095916748047,14.665114402770996,67.68917083740234
2022-12-26,18.614002227783203,14.560029983520508,68.30863952636719
2022-12-27,18.508447647094727,14.659276008605957,69.9397201538086
2022-12-28,18.885404586791992,14.47829818725586,69.78287506103516
2022-12-29,18.84771156311035,14.303156852722168,69.69661712646484
2023-01-02,18.47625732421875,13.380749702453613,70.1043930053711
2023-01-03,18.09149742126465,13.042145729064941,69.97891998291016
2023-01-04,18.144306182861328,13.456644058227539,70.1043930053711
2023-01-05,18.710140228271484,13.941202163696289,71.28065490722656
2023-01-06,19.034543991088867,13.859469413757324,72.40983581542969
2023-01-09,19.17034912109375,13.93536376953125,72.4882583618164
2023-01-10,19.540023803710938,14.063799858093262,73.3822021484375
2023-01-11,19.879518508911133,14.17471981048584,73.12342834472656
2023-01-12,19.600374221801758,14.379051208496094,73.5076675415039
2023-01-13,19.502296447753906,14.344022750854492,73.57040405273438
2023-01-16,19.291057586669922,14.034607887268066,72.33926391601562
2023-01-17,19.690908432006836,14.898637771606445,72.24516296386719
2023-01-18,20.045494079589844,14.635924339294434,73.19400024414062
2023-01-19,20.045494079589844,15.114644050598145,73.5076675415039
2023-01-20,19.690908432006836,15.394866943359375,73.7037124633789
2023-01-23,19.087356567382812,15.640061378479004,73.94680786132812
2023-01-24,19.260875701904297,15.529143333435059,74.7309799194336
2023-01-25,19.32877540588379,15.727636337280273,75.43671417236328
2023-01-26,19.215618133544922,15.324810028076172,76.84821319580078
2023-01-27,18.808218002319336,14.957016944885254,74.74665069580078
2023-01-30,18.815759658813477,15.03291130065918,74.48003387451172
2023-01-31,19.109987258911133,15.2197265625,74.11148071289062
2023-02-01,18.85907745361328,15.009559631347656,73.28810119628906
2023-02-02,19.032724380493164,14.314833641052246,69.9005126953125
2023-02-03,18.96476936340332,14.47245979309082,69.75151062011719
2023-02-06,18.972322463989258,15.050424575805664,68.88109588623047
2023-02-07,18.53443717956543,14.957016944885254,69.33590698242188
2023-02-08,20.06702423095703,15.208054542541504,69.57115173339844
2023-02-09,19.568744659423828,15.137995719909668,69.3123779296875
2023-02-10,19.478151321411133,15.599199295043945,68.06556701660156
2023-02-13,20.165170669555664,15.645903587341309,67.99498748779297
2023-02-14,19.916025161743164,15.58752155303955,68.30081176757812
2023-02-15,20.210466384887695,15.61087703704834,69.79072570800781
2023-02-16,20.361465454101562,15.675092697143555,69.9397201538086
2023-02-17,20.29351043701172,15.435733795166016,69.03008270263672
2023-02-22,19.916025161743164,15.038749694824219,68.50469207763672
2023-02-23,19.99152946472168,15.49995231628418,68.18319702148438
2023-02-24,19.380001068115234,15.120479583740234,66.6854248046875
2023-02-27,19.13086700439453,15.26643180847168,66.6854248046875
2023-02-28,19.198810577392578,14.7351713180542,66.9050064086914
2023-03-01,18.887287139892578,14.770197868347168,69.94756317138672
2023-03-02,18.267780303955078,14.384891510009766,69.79072570800781
2023-03-03,18.290447235107422,15.003721237182617,70.0259780883789
2023-03-06,18.70596694946289,15.155508995056152,67.55585479736328
2023-03-07,18.758848190307617,14.65343952178955,66.91283416748047
2023-03-08,18.993045806884766,14.84025764465332,67.52449035644531
2023-03-09,18.630414962768555,14.776039123535156,66.63838958740234
2023-03-10,18.18467140197754,14.583381652832031,66.41880798339844
2023-03-13,17.96558380126953,14.122180938720703,66.69327545166016
2023-03-14,17.90514373779297,13.871142387390137,67.30044555664062
2023-03-15,17.85982322692871,13.625946044921875,65.2729263305664
2023-03-16,18.154457092285156,13.579242706298828,65.51334381103516
2023-03-17,17.633169174194336,13.725192070007324,66.29872131347656
2023-03-20,17.678499221801758,13.386589050292969,66.84364318847656
2023-03-21,18.041133880615234,13.66097640991211,66.28268432617188
2023-03-22,17.935359954833984,13.620109558105469,65.45724487304688
2023-03-23,17.4896240234375,13.310693740844727,63.77435302734375
2023-03-24,17.743318557739258,13.30485725402832,63.045074462890625
2023-03-27,18.048967361450195,13.532537460327148,62.94089889526367
2023-03-28,18.13303565979004,13.771897315979004,63.60605239868164
2023-03-29,18.30877685546875,13.952875137329102,64.5196304321289
2023-03-30,18.813112258911133,13.993742942810059,65.56944274902344
2023-03-31,18.904804229736328,13.690165519714355,64.34332275390625
2023-04-03,18.375377655029297,14.297322273254395,64.3593521118164
2023-04-04,18.7424259185791,14.16888427734375,62.540199279785156
2023-04-05,18.727140426635742,14.215588569641113,61.61860656738281
2023-04-06,18.665969848632812,14.01125717163086,61.50641632080078
2023-04-10,18.864782333374023,14.308996200561523,62.69247055053711
2023-04-11,19.476531982421875,14.98037052154541,66.00218963623047
2023-04-12,19.606531143188477,15.091292381286621,64.59174346923828
2023-04-13,19.606531143188477,15.19637680053711,63.71824645996094
2023-04-14,19.88945960998535,15.354002952575684,63.15726852416992
2023-04-17,19.851226806640625,15.593361854553223,62.40397644042969
2023-04-18,19.83592987060547,15.990349769592285,62.94089889526367
2023-04-19,19.52240562438965,15.47659969329834,61.1057243347168
2023-04-20,19.575937271118164,15.581687927246094,59.831512451171875
2023-04-24,19.400062561035156,15.879425048828125,57.66776657104492
2023-04-25,19.575937271118164,15.815203666687012,56.09706115722656
2023-04-26,19.377119064331055,15.616713523864746,56.31343460083008
2023-04-27,19.721227645874023,15.2372407913208,57.50749206542969
2023-04-28,19.820634841918945,15.585892677307129,58.0203857421875
2023-05-02,19.053634643554688,14.95456600189209,55.728416442871094
2023-05-03,19.023021697998047,14.901956558227539,55.29566955566406
2023-05-04,19.17606544494629,15.138704299926758,53.58070373535156
2023-05-05,19.887704849243164,15.783183097839355,55.32773208618164
2023-05-08,20.163179397583008,16.11857795715332,56.07301712036133
2023-05-09,20.285615921020508,16.171188354492188,56.650020599365234
2023-05-10,20.58404541015625,16.131729125976562,55.584171295166016
2023-05-11,20.782995223999023,16.72359848022461,54.502296447753906
2023-05-12,20.591699600219727,17.26285743713379,54.55839920043945
2023-05-15,20.6682186126709,16.874855041503906,55.343746185302734
2023-05-16,20.599349975585938,17.295740127563477,54.20578384399414
2023-05-17,20.805950164794922,16.874855041503906,56.00088882446289
2023-05-18,20.729433059692383,16.973499298095703,56.08102798461914
2023-05-19,20.561092376708984,16.947193145751953,55.46396255493164
2023-05-22,20.170833587646484,16.84855079650879,54.574424743652344
2023-05-23,20.331525802612305,17.26285743713379,53.34028625488281
2023-05-24,20.21674919128418,17.525909423828125,52.130191802978516
2023-05-25,20.85186767578125,17.394384384155273,51.969913482666016
2023-05-26,20.6911678314209,17.624553680419922,53.15596389770508
2023-05-29,20.599349975585938,17.552217483520508,52.75527572631836
2023-05-30,20.308576583862305,17.35492515563965,51.513126373291016
2023-05-31,20.147876739501953,17.1773681640625,51.136478424072266
2023-06-01,20.44470977783203,17.729774475097656,52.218345642089844
2023-06-02,20.74333953857422,17.87445640563965,54.44619369506836
2023-06-05,20.789283752441406,18.065168380737305,53.99742126464844
2023-06-06,20.93476676940918,18.446596145629883,54.173728942871094
2023-06-07,20.99602508544922,18.985858917236328,55.03120422363281
2023-06-09,21.2869930267334,19.91312026977539,54.78278350830078
2023-06-12,21.057283401489258,20.261661529541016,53.7890625
2023-06-13,21.294652938842773,20.222124099731445,54.35805130004883
2023-06-14,21.585634231567383,21.09099006652832,55.31169891357422
2023-06-15,21.868946075439453,20.593494415283203,55.744441986083984
2023-06-16,21.93785858154297,20.768667221069336,55.83259582519531
2023-06-19,22.236494064331055,21.31521224975586,55.61622619628906
2023-06-20,22.22590446472168,21.420320510864258,54.18174362182617
2023-06-21,22.442291259765625,22.31720733642578,53.636802673339844
2023-06-22,22.22590446472168,22.036930084228516,53.34830093383789
2023-06-23,22.15635108947754,21.13303565979004,52.811370849609375
2023-06-26,22.125436782836914,21.609506607055664,52.92356872558594
2023-06-27,21.878131866455078,21.44133949279785,53.55665969848633
2023-06-28,21.754486083984375,21.644540786743164,51.86573028564453
2023-06-29,22.017248153686523,21.742639541625977,52.49883270263672
2023-06-30,21.963150024414062,20.69159507751465,51.46504211425781
2023-07-03,22.394376754760742,21.076976776123047,53.07582473754883
2023-07-04,22.25518226623535,21.12602424621582,52.811370849609375
2023-07-05,22.448501586914062,21.097997665405273,52.34656524658203
2023-07-06,22.11598777770996,20.775678634643555,51.969913482666016
2023-07-07,22.533565521240234,20.67057228088379,52.458763122558594
2023-07-10,22.386640548706055,20.705608367919922,51.657371520996094
2023-07-11,21.992263793945312,20.425331115722656,53.35631561279297
2023-07-12,21.86080551147461,20.43934440612793,53.73295974731445
2023-07-13,22.100522994995117,20.761661529541016,54.98312759399414
2023-07-14,21.8685359954834,20.35525894165039,54.98312759399414
2023-07-17,22.293842315673828,20.313217163085938,54.37407684326172
2023-07-18,21.86080551147461,20.20110321044922,54.02947235107422
2023-07-19,21.628814697265625,20.390295028686523,53.885231018066406
2023-07-20,22.03093147277832,20.411314010620117,54.005435943603516
2023-07-21,22.425294876098633,20.79669952392578,54.33401107788086
2023-07-24,22.069591522216797,21.231130599975586,55.97685241699219
2023-07-25,22.11598777770996,21.72161865234375,57.70783996582031
2023-07-26,22.239709854125977,21.72161865234375,57.50749206542969
2023-07-27,21.744810104370117,20.593494415283203,56.43363952636719
2023-07-28,22.069591522216797,20.852754592895508,54.19777297973633
2023-07-31,22.146921157836914,21.798694610595703,55.423892974853516
2023-08-01,22.214736938476562,21.44133949279785,54.65455627441406
2023-08-02,22.14510154724121,21.392290115356445,53.76502227783203
2023-08-03,21.974876403808594,21.665563583374023,54.101600646972656
2023-08-04,21.572511672973633,21.02092170715332,54.14167022705078
2023-08-07,21.402286529541016,21.154054641723633,54.41415023803711
2023-08-08,21.355865478515625,21.175071716308594,54.0615348815918
2023-08-09,21.278488159179688,21.34324073791504,53.57268524169922
2023-08-10,21.348125457763672,21.462360382080078,52.9395866394043
2023-08-11,21.386816024780273,21.413312911987305,52.49883270263672
2023-08-14,21.077308654785156,21.469369888305664,51.10237121582031
2023-08-15,20.96124267578125,21.62352180480957,50.59877395629883
2023-08-16,20.945768356323242,22.09999656677246,50.400638580322266
2023-08-17,20.698162078857422,22.02992820739746,51.11062240600586
2023-08-18,20.860652923583984,22.085981369018555,50.540985107421875
2023-08-21,20.775541305541992,21.93182945251465,50.60702896118164
2023-08-22,21.10051727294922,22.265928268432617,51.663753509521484
2023-08-23,21.363595962524414,23.451602935791016,52.04351043701172
2023-08-24,21.115991592407227,23.415231704711914,51.35003662109375
2023-08-25,20.783275604248047,23.255203247070312,51.242713928222656
2023-08-28,21.48740005493164,23.51706886291504,51.97746658325195
2023-08-29,21.827857971191406,23.56798553466797,53.636844635009766
2023-08-30,21.4100284576416,23.728015899658203,53.64510726928711
2023-08-31,21.224323272705078,23.23337745666504,53.727664947509766
2023-09-01,21.408327102661133,23.73529052734375,56.87305450439453
2023-09-04,21.21476173400879,23.487972259521484,57.29410171508789
2023-09-05,20.897315979003906,24.273571014404297,57.046417236328125
2023-09-06,20.696008682250977,24.382680892944336,56.13004684448242
2023-09-08,20.726978302001953,24.295394897460938,55.07332992553711
2023-09-11,21.25347328186035,24.273571014404297,55.86587142944336
2023-09-12,21.377363204956055,24.389957427978516,55.824588775634766
2023-09-13,21.485754013061523,24.02625274658203,55.60994338989258
2023-09-14,21.40058135986328,24.63727378845215,57.88849639892578
2023-09-15,21.354127883911133,24.651823043823242,57.409671783447266
2023-09-18,21.299930572509766,24.826398849487305,56.73270797729492
2023-09-19,21.23682975769043,24.884593963623047,56.84003448486328
2023-09-20,21.596508026123047,24.942790985107422,57.219791412353516
2023-09-21,21.103906631469727,24.55725860595703,55.725521087646484
2023-09-22,21.049171447753906,24.753662109375,56.138309478759766
2023-09-25,21.111717224121094,24.913692474365234,54.982513427734375
2023-09-26,20.7989501953125,24.339040756225586,54.12392807006836
2023-09-27,20.759857177734375,25.110090255737305,54.23950958251953
2023-09-28,21.30719757080078,25.05916976928711,55.065067291259766
2023-09-29,21.275924682617188,25.19738006591797,55.79157257080078
2023-10-02,21.07847785949707,24.819128036499023,55.30448532104492
2023-10-03,20.812450408935547,24.710018157958984,54.966007232666016
2023-10-04,21.28973960876465,23.728015899658203,54.379859924316406
2023-10-05,21.626171112060547,23.80803108215332,54.40462112426758
2023-10-06,21.82960319519043,24.375408172607422,55.197166442871094
2023-10-09,21.64182472229004,25.422876358032227,54.80088806152344
2023-10-10,21.618349075317383,25.611997604370117,55.13111877441406
2023-10-11,21.892200469970703,25.546533584594727,55.60994338989258
2023-10-13,21.66529655456543,26.390321731567383,54.97425842285156
2023-10-16,21.69658851623535,26.681291580200195,55.56041717529297
2023-10-17,21.37580108642578,27.40142250061035,56.01447296142578
2023-10-18,20.929813385009766,28.019718170166016,53.95881652832031
2023-10-19,21.172367095947266,27.888790130615234,53.18278503417969
2023-10-20,21.094127655029297,27.5323543548584,51.746307373046875
2023-10-23,21.11760139465332,25.71383285522461,51.647239685058594
2023-10-24,21.11760139465332,26.099363327026367,52.827796936035156
2023-10-25,21.156723022460938,26.23756980895996,52.778263092041016
2023-10-26,21.68094825744629,25.96843147277832,53.9092903137207
2023-10-27,21.360145568847656,25.77930450439453,55.7833137512207
2023-10-30,21.188018798828125,25.517438888549805,56.28690719604492
2023-10-31,20.984590530395508,25.270118713378906,56.963863372802734
2023-11-01,21.280261993408203,25.546533584594727,58.053619384765625
2023-11-03,21.86746597290039,25.8520450592041,58.78009796142578
2023-11-06,22.071027755737305,25.830223083496094,59.02777862548828
2023-11-07,22.689550399780273,25.401050567626953,57.85547637939453
2023-11-08,22.791339874267578,24.855497360229492,57.896751403808594
2023-11-09,22.893115997314453,25.371957778930664,58.177452087402344
2023-11-10,23.167150497436523,25.255569458007812,59.06905746459961
2023-11-13,23.010562896728516,25.961158752441406,58.94521713256836
2023-11-14,23.35504913330078,26.317584991455078,60.769710540771484
2023-11-16,23.73086166381836,25.85931968688965,61.17424774169922
2023-11-17,23.840473175048828,26.703109741210938,61.289817810058594
2023-11-20,24.075355529785156,26.72493553161621,62.79233932495117
2023-11-21,24.03620719909668,26.44852066040039,64.31138610839844
2023-11-22,24.184965133666992,26.577970504760742,63.70004653930664
2023-11-23,24.15364646911621,26.585527420043945,63.3000602722168
2023-11-24,24.020553588867188,26.661115646362305,62.76390838623047
2023-11-27,23.957914352416992,26.509933471679688,62.38945770263672
2023-11-28,24.192792892456055,26.910568237304688,62.52561950683594
2023-11-29,24.357215881347656,26.63088035583496,62.50859451293945
2023-11-30,24.733020782470703,27.1449031829834,62.84901428222656
2023-12-01,24.67634391784668,26.963483810424805,64.01493835449219
2023-12-04,24.707679748535156,26.38899040222168,62.576683044433594
2023-12-05,24.911359786987305,26.268043518066406,61.99797439575195
2023-12-06,24.692020416259766,25.323148727416992,61.5894889831543
2023-12-07,24.9661865234375,25.26267433166504,61.78521728515625
2023-12-08,25.28201675415039,26.071508407592773,61.95542907714844
2023-12-11,25.108306884765625,25.973237991333008,62.006492614746094
2023-12-12,24.98197364807129,25.761579513549805,62.11712646484375
2023-12-13,25.739961624145508,26.131977081298828,62.12562942504883
2023-12-14,25.95314598083496,26.698917388916016,62.46604919433594
2023-12-15,25.84260368347168,26.759389877319336,62.8575325012207
2023-12-18,25.968936920166016,27.091989517211914,63.1553840637207
2023-12-19,25.98472785949707,27.401918411254883,63.59791946411133
2023-12-20,25.716278076171875,27.50018882751465,63.393680572509766
2023-12-21,25.889978408813477,27.50774383544922,65.50424194335938
2023-12-22,26.300556182861328,27.772315979003906,65.0106430053711
2023-12-26,26.569011688232422,28.218305587768555,65.24042510986328
2023-12-27,26.7506103515625,28.240983963012695,65.87020111083984
2023-12-28,26.821678161621094,28.150270462036133,65.6999740600586
2024-01-02,26.480119705200195,28.558462142944336,65.57232666015625
2024-01-03,26.187833786010742,29.450439453125,65.23191833496094
2024-01-04,26.014034271240234,29.20099639892578,64.3553466796875
2024-01-05,26.622318267822266,29.269020080566406,63.52984619140625
2024-01-08,26.337928771972656,29.0498104095459,63.20644760131836
2024-01-09,26.322128295898438,28.800355911254883,62.40647506713867
2024-01-10,26.298425674438477,28.535789489746094,61.470340728759766
2024-01-11,26.345827102661133,28.777679443359375,61.79372787475586
2024-01-12,26.377424240112305,28.853269577026367,61.01077651977539
2024-01-15,26.424827575683594,29.163196563720703,60.89163589477539
2024-01-16,26.05353546142578,28.800355911254883,60.10017013549805
2024-01-17,26.069339752197266,28.63405990600586,59.01935577392578
2024-01-18,25.958736419677734,28.52066993713379,58.72148513793945
2024-01-19,26.021930694580078,28.369483947753906,57.9555549621582
2024-01-22,25.595348358154297,28.49799346923828,57.70024490356445
2024-01-23,25.713842391967773,28.853269577026367,58.891693115234375
2024-01-24,25.595348358154297,28.63405990600586,59.4874267578125
2024-01-25,25.540050506591797,29.69233512878418,58.02363967895508
2024-01-26,25.919233322143555,30.20635986328125,59.147010803222656
2024-01-29,25.784942626953125,30.667469024658203,58.86616134643555
2024-01-30,25.619049072265625,30.47849464416504,58.53425979614258
2024-01-31,25.895540237426758,30.81109046936035,57.66620635986328
2024-02-01,25.83835220336914,31.423385620117188,57.40238571166992
2024-02-02,25.87787437438965,31.01519012451172,56.2364616394043
2024-02-05,26.367923736572266,31.1512508392334,55.751373291015625
2024-02-06,27.498201370239258,31.438501358032227,56.73857116699219
2024-02-07,27.30060577392578,31.899608612060547,56.84920883178711
2024-02-08,26.763124465942383,31.642601013183594,56.34709548950195
2024-02-09,27.103002548217773,31.219287872314453,56.10029983520508
2024-02-14,27.103002548217773,30.984954833984375,55.93009567260742
2024-02-15,27.332216262817383,31.975200653076172,55.751373291015625
2024-02-16,27.30060577392578,32.2700080871582,57.87045669555664
2024-02-19,27.600955963134766,32.42875289916992,57.43642044067383
2024-02-20,28.201663970947266,32.08858871459961,56.1768913269043
2024-02-21,28.043581008911133,32.133941650390625,56.602413177490234
2024-02-22,27.884506225585938,31.892047882080078,57.206642150878906
2024-02-23,27.96613883972168,31.672834396362305,57.34280776977539
2024-02-26,28.047765731811523,32.2700080871582,55.955623626708984
2024-02-27,28.390607833862305,32.22465515136719,57.427921295166016
2024-02-28,28.40692710876465,30.56163787841797,56.79814529418945
2024-02-29,27.704925537109375,30.34242057800293,57.01090621948242
2024-03-01,27.82551383972168,30.372663497924805,56.917293548583984
2024-03-04,27.61316680908203,30.297069549560547,56.78963851928711
2024-03-05,27.588659286499023,30.20635986328125,56.04072570800781
2024-03-06,27.89084815979004,30.871564865112305,56.80665969848633
2024-03-07,27.596834182739258,30.531400680541992,56.61091613769531
2024-03-08,27.850011825561523,27.742076873779297,56.1768913269043
2024-03-11,27.988855361938477,26.948368072509766,54.43227005004883
2024-03-12,28.103195190429688,27.832788467407227,54.093116760253906
2024-03-13,28.380876541137695,27.50018882751465,54.43986892700195
2024-03-14,28.364545822143555,27.379241943359375,53.74636459350586
2024-03-15,28.20937156677246,27.45482635498047,53.13288497924805
2024-03-18,28.323705673217773,27.46994972229004,54.14646530151367
2024-03-19,28.364545822143555,27.26584815979004,54.59101486206055
2024-03-20,28.421709060668945,27.742076873779297,54.95555114746094
2024-03-21,28.127696990966797,26.986160278320312,54.822181701660156
2024-03-22,27.7343807220459,27.250728607177734,54.19091796875
2024-03-25,27.7343807220459,27.666484832763672,54.07533264160156
2024-03-26,28.285449981689453,27.409473419189453,53.39072036743164
2024-03-27,28.441726684570312,27.628690719604492,53.87973403930664
2024-03-28,28.491073608398438,28.240983963012695,54.084224700927734
2024-04-01,27.51810646057129,28.46019744873047,54.43097686767578
2024-04-02,27.551015853881836,29.193435668945312,55.071128845214844
2024-04-03,27.345293045043945,29.042247772216797,54.27982711791992
2024-04-04,26.98320960998535,28.709646224975586,53.675235748291016
2024-04-05,26.933837890625,28.800355911254883,53.08843231201172
2024-04-08,27.337064743041992,29.20099639892578,55.986915588378906
2024-04-09,27.62508201599121,29.276588439941406,55.613487243652344
2024-04-10,27.040815353393555,29.92667579650879,54.768836975097656
2024-04-11,26.991443634033203,29.707456588745117,55.000003814697266
2024-04-12,26.711650848388672,29.43532371520996,54.795509338378906
2024-04-15,26.259050369262695,29.71501350402832,55.11558532714844
2024-04-16,26.061555862426758,29.8510799407959,54.626583099365234
2024-04-17,26.078014373779297,30.07029151916504,55.22228240966797
2024-04-18,26.110929489135742,30.12320327758789,55.42677688598633
2024-04-19,25.962804794311523,30.637229919433594,56.33366012573242
2024-04-22,25.946346282958984,31.37047576904297,56.30699157714844
2024-04-23,26.333114624023438,31.309995651245117,55.81797409057617
2024-04-24,26.217910766601562,31.166366577148438,56.51148223876953
2024-04-25,26.069782257080078,31.914731979370117,55.3200798034668
2024-04-26,26.50592613220215,32.365455627441406,55.3200798034668
2024-04-29,26.30019760131836,32.75399398803711,56.813777923583984
2024-04-30,25.80644989013672,32.652976989746094,56.271427154541016
2024-05-02,26.18326187133789,32.777305603027344,56.83155822753906
2024-05-03,26.512615203857422,32.360347747802734,56.893795013427734
2024-05-06,26.677295684814453,32.57938003540039,57.06272888183594
2024-05-07,27.228954315185547,32.97689437866211,57.418365478515625
2024-05-08,27.4018611907959,33.479854583740234,56.893795013427734
2024-05-09,26.57848358154297,33.80435562133789,57.35613250732422
2024-05-10,26.883136749267578,33.73133850097656,57.160526275634766
2024-05-13,27.21248435974121,33.763790130615234,57.49838638305664
2024-05-14,27.50889778137207,33.15536117553711,57.46281814575195
2024-05-15,27.434791564941406,31.15160369873047,57.29389953613281
2024-05-16,27.352455139160156,30.243009567260742,57.71177673339844
2024-05-17,27.360692977905273,29.764379501342773,58.8409309387207
2024-05-20,27.278350830078125,29.813053131103516,58.81426239013672
2024-05-21,27.138381958007812,29.756267547607422,58.645328521728516
2024-05-22,26.718461990356445,30.161884307861328,58.18299865722656
2024-05-23,26.47968292236328,29.86172866821289,57.836246490478516
2024-05-24,26.22443389892578,29.69948387145996,57.86292266845703
2024-05-27,26.133867263793945,30.023977279663086,58.058528900146484
2024-05-28,25.993894577026367,30.664857864379883,56.80488586425781
2024-05-29,25.81275177001953,30.624296188354492,56.226966857910156
2024-05-31,25.549270629882812,31.467985153198242,56.19139862060547
2024-06-03,25.909820556640625,31.29762840270996,55.00889205932617
2024-06-04,26.000442504882812,30.948793411254883,54.448760986328125
2024-06-05,25.95101547241211,30.989355087280273,53.675235748291016
2024-06-06,26.280555725097656,31.1353759765625,54.42208480834961
2024-06-07,25.909820556640625,29.967187881469727,53.71080017089844
2024-06-10,25.70386505126953,30.421485900878906,54.297611236572266
2024-06-11,25.99220848083496,30.551286697387695,54.21759033203125
2024-06-12,25.95101547241211,29.886507034301758,53.47074508666992
2024-06-13,25.67915153503418,29.586137771606445,54.084224700927734
2024-06-14,25.654434204101562,28.935346603393555,53.89751434326172
2024-06-17,26.280555725097656,29.043813705444336,53.68412780761719
2024-06-18,26.26407814025879,29.953256607055664,53.93307876586914
2024-06-19,26.470033645629883,29.978286743164062,54.10200881958008
2024-06-20,26.28879165649414,30.45386505126953,54.59101486206055
2024-06-21,26.472305297851562,30.612394332885742,54.084224700927734
2024-06-24,26.85427474975586,30.921106338500977,54.14646530151367
2024-06-25,26.93731689453125,30.89607048034668,53.924190521240234
2024-06-26,26.887496948242188,30.946134567260742,54.59101486206055
2024-06-27,26.93731689453125,31.463430404663086,54.7332763671875
2024-06-28,26.912399291992188,31.747114181518555,55.3200798034668
2024-07-01,26.785823822021484,32.231040954589844,56.13805389404297
2024-07-02,27.1347713470459,32.13091278076172,55.95134735107422
2024-07-03,27.30093765258789,31.5718994140625,57.06272888183594
2024-07-04,27.34248161315918,31.13803482055664,56.77821731567383
2024-07-05,27.35909652709961,31.304912567138672,56.54704666137695
2024-07-08,27.309247970581055,32.072509765625,56.10248947143555
2024-07-09,27.50033187866211,32.06416702270508,56.031368255615234
2024-07-10,27.791126251220703,31.763797760009766,55.2756233215332
2024-07-11,27.95728874206543,31.980731964111328,55.133365631103516
2024-07-12,27.799428939819336,31.83054542541504,55.94245147705078
2024-07-15,27.907440185546875,32.12257385253906,56.00469207763672
2024-07-16,28.073606491088867,32.03913879394531,55.417884826660156
2024-07-17,28.381013870239258,32.20600891113281,54.90220260620117
2024-07-18,28.24808120727539,32.14759826660156,54.38652038574219
2024-07-19,28.46409797668457,32.281097412109375,54.342063903808594
2024-07-22,28.44747543334961,31.638643264770508,54.27982711791992
2024-07-23,28.405941009521484,31.229816436767578,53.55076217651367
2024-07-24,28.364395141601562,31.480121612548828,53.87973403930664
2024-07-25,28.239778518676758,31.438405990600586,53.85306167602539
2024-07-26,28.44747543334961,31.405033111572266,54.653255462646484
2024-07-29,28.655179977416992,30.770923614501953,54.75105667114258
2024-07-30,28.54717445373535,30.57901954650879,53.5418701171875
2024-07-31,28.148380279541016,31.21312713623047,54.795509338378906
2024-08-01,27.739110946655273,30.737548828125,53.568546295166016
2024-08-02,27.389978408813477,29.811416625976562,52.82169723510742
2024-08-05,27.389978408813477,29.786386489868164,52.54872512817383
2024-08-06,27.996803283691406,30.303680419921875,52.81598663330078
2024-08-07,28.071617126464844,30.261966705322266,52.7146110534668
2024-08-08,27.97185707092285,30.74588966369629,52.392051696777344
2024-08-09,28.72830581665039,30.462209701538086,52.58558654785156
2024-08-12,28.76987075805664,31.15472412109375,52.318328857421875
2024-08-13,29.584501266479492,30.96282386779785,52.08793258666992
2024-08-14,30.316015243530273,31.505149841308594,51.60870361328125
2024-08-15,30.798145294189453,31.989076614379883,51.82067108154297
2024-08-16,30.540451049804688,32.12257385253906,51.682437896728516
2024-08-19,30.72332000732422,32.072509765625,52.51185989379883
2024-08-20,30.947769165039062,31.947357177734375,52.7146110534668
2024-08-21,30.823083877563477,31.755456924438477,53.728355407714844
2024-08-22,30.540451049804688,31.852590560913086,53.80207824707031
2024-08-23,30.30769920349121,31.655229568481445,52.898929595947266
2024-08-26,30.37420654296875,33.954933166503906,53.497955322265625
2024-08-27,30.407451629638672,33.50014114379883,55.11072540283203
2024-08-28,31.06415367126465,33.980674743652344,54.714447021484375
2024-08-29,30.72332000732422,33.748992919921875,54.64993667602539
2024-08-30,30.5072021484375,33.7833137512207,54.90797805786133
2024-09-02,30.264062881469727,33.465816497802734,54.13385009765625
2024-09-03,30.754749298095703,33.0625114440918,52.115577697753906
2024-09-04,30.97097396850586,33.07109451293945,52.52107620239258
2024-09-05,31.170578002929688,32.865150451660156,52.898929595947266
2024-09-06,30.72979164123535,32.221580505371094,52.23538589477539
2024-09-09,31.029197692871094,32.573394775390625,52.23538589477539
2024-09-10,31.029197692871094,32.03279113769531,51.60870361328125
2024-09-11,31.087406158447266,31.998470306396484,53.07402420043945
2024-09-12,30.746427536010742,31.63806915283203,53.55324935913086
2024-09-13,30.779691696166992,31.4921932220459,53.91267013549805
2024-09-16,30.77137565612793,31.92982292175293,53.91267013549805
2024-09-17,30.69652557373047,31.783945083618164,53.654624938964844
2024-09-18,30.521879196166992,31.020244598388672,53.027950286865234
2024-09-19,30.43871307373047,31.123210906982422,53.663841247558594
2024-09-20,30.106050491333008,31.114627838134766,52.85284423828125
2024-09-23,29.930086135864258,31.432125091552734,53.01873016357422
2024-09-24,29.92170524597168,31.560840606689453,55.60838317871094
2024-09-25,30.29877281188965,31.792526245117188,55.85721206665039
2024-09-26,30.6842098236084,31.106050491333008,59.21177291870117
2024-09-27,30.801517486572266,30.98591423034668,58.94451904296875
2024-09-30,30.256866455078125,30.900100708007812,58.52980422973633
2024-10-01,29.760297775268555,31.723880767822266,58.815494537353516
2024-10-02,29.94472312927246,32.16150665283203,59.1380500793457
2024-10-03,29.20700454711914,32.55623245239258,58.00449752807617
2024-10-04,29.26568603515625,32.47042465209961,57.580570220947266
2024-10-07,29.45849609375,32.92521667480469,58.08744430541992
2024-10-08,29.634546279907227,32.26448059082031,56.32721710205078
2024-10-09,29.089641571044922,31.93840217590332,56.17976379394531
2024-10-10,29.248924255371094,32.30738830566406,56.447021484375
2024-10-11,29.03095817565918,32.28164291381836,57.25802230834961
2024-10-14,29.215389251708984,32.35887145996094,57.073699951171875
2024-10-15,29.550708770751953,32.09286117553711,56.373294830322266
2024-10-16,29.37466812133789,31.92982292175293,57.45155334472656
2024-10-17,29.433345794677734,31.68955421447754,55.995445251464844
2024-10-18,29.575862884521484,31.603748321533203,55.80191421508789
2024-10-21,29.424968719482422,31.106050491333008,55.59917068481445
2024-10-22,29.475263595581055,30.98591423034668,55.672889709472656
2024-10-23,29.65969467163086,30.599767684936523,54.696014404296875
2024-10-24,29.927953720092773,30.80571746826172,55.01856994628906
2024-10-25,29.59263038635254,31.020244598388672,56.889381408691406
2024-10-28,29.953109741210938,30.9687557220459,57.9492073059082
2024-10-29,29.634546279907227,30.900100708007812,57.7464599609375
2024-10-30,29.550708770751953,30.762807846069336,57.57135772705078
2024-10-31,29.357900619506836,30.814294815063477,57.193511962890625
2024-11-01,29.196569442749023,30.39382553100586,57.16585922241211
2024-11-04,29.590776443481445,30.462474822998047,57.755672454833984
2024-11-05,30.47983741760254,30.368085861206055,57.248802185058594
2024-11-06,30.33725929260254,30.376667022705078,56.60369110107422
2024-11-07,29.892724990844727,30.471054077148438,58.57588195800781
2024-11-08,29.423025131225586,31.045982360839844,55.875640869140625
2024-11-11,29.45657730102539,31.106050491333008,54.050907135009766
2024-11-12,29.10430335998535,31.68955421447754,52.825199127197266
2024-11-13,28.953332901000977,31.646650314331055,52.6777458190918
2024-11-14,28.86945915222168,31.981306076049805,52.38283920288086
2024-11-18,28.768808364868164,32.77933883666992,53.03716278076172
2024-11-19,29.02882194519043,32.436100006103516,53.15696716308594
2024-11-21,28.52557373046875,32.530487060546875,53.1016731262207
2024-11-22,28.609445571899414,33.82621765136719,53.61776351928711
2024-11-25,28.60106086730957,33.62028121948242,53.608543395996094
2024-11-26,29.1462459564209,33.57737731933594,52.92657470703125
2024-11-27,28.43330955505371,33.45724105834961,53.57168197631836
2024-11-28,27.410045623779297,33.11399841308594,53.01873016357422
2024-11-29,27.34294891357422,33.380008697509766,54.17071533203125
2024-12-02,26.95494842529297,33.59453201293945,54.29973220825195
2024-12-03,27.257057189941406,33.894866943359375,53.8850212097168
2024-12-04,27.42489242553711,33.68033981323242,52.834415435791016
2024-12-05,28.012331008911133,34.01499938964844,53.26755905151367
2024-12-06,27.441679000854492,33.49156188964844,52.355194091796875
2024-12-09,27.575952529907227,34.35824203491211,55.13837432861328
2024-12-10,27.949193954467773,34.48695373535156,55.08308029174805
2024-12-11,28.220300674438477,34.83019256591797,54.22600555419922
2024-12-12,27.517120361328125,34.20720291137695,52.7295036315918
2024-12-13,27.16129493713379,33.993072509765625,51.93916702270508
2024-12-16,26.864776611328125,33.85032272338867,51.91127395629883
2024-12-17,27.00880241394043,34.17151641845703,52.1716194152832
2024-12-18,26.23784637451172,33.28823471069336,50.962867736816406
2024-12-19,26.381872177124023,33.15439987182617,49.99586868286133
2024-12-20,26.68686294555664,32.8778190612793,50.78620147705078
2024-12-23,26.17007064819336,32.88673782348633,51.000057220458984
2024-12-26,26.33951187133789,33.13396072387695,51.148826599121094
2024-12-27,26.076881408691406,33.032066345214844,50.89778137207031
2024-12-30,26.03451919555664,33.523006439208984,50.72111511230469
2025-01-02,25.913850784301758,34.06026840209961,50.44217300415039
2025-01-03,25.2780818939209,33.69900894165039,49.50306701660156
2025-01-06,26.413986206054688,33.541534423828125,48.87079620361328
2025-01-07,26.702198028564453,34.254791259765625,48.39659118652344
2025-01-08,26.269880294799805,33.97690200805664,47.93168640136719
2025-01-09,26.337696075439453,34.12510681152344,47.63414764404297
2025-01-10,25.973188400268555,34.21773910522461,47.90379333496094
2025-01-13,26.159679412841797,34.338157653808594,47.894493103027344
2025-01-14,26.176633834838867,34.10658264160156,48.210628509521484
2025-01-15,27.312536239624023,34.54194641113281,48.90798568725586
2025-01-16,27.227771759033203,34.31963348388672,48.97307205200195
2025-01-17,27.4227352142334,34.458580017089844,50.66532897949219
2025-01-20,27.685522079467773,34.54194641113281,50.479366302490234
2025-01-21,27.744857788085938,34.55120849609375,50.22831726074219
2025-01-22,27.64313507080078,34.356685638427734,48.963775634765625
2025-01-23,27.58379554748535,34.115848541259766,48.64764404296875
2025-01-24,27.515981674194336,33.93984603881836,49.307804107666016
2025-01-27,28.17717933654785,34.4400520324707,50.17252731323242
2025-01-28,28.22804069519043,34.393741607666016,48.9544792175293
2025-01-29,28.160226821899414,34.18069076538086,49.09394836425781
2025-01-30,28.84685516357422,34.63457489013672,51.167423248291016
2025-01-31,28.66036033630371,34.91246795654297,50.3677864074707
2025-02-03,28.395450592041016,34.73646926879883,50.40497970581055
2025-02-04,28.497222900390625,34.393741607666016,50.22831726074219
2025-02-05,28.929773330688477,34.14363479614258,50.497962951660156
2025-02-06,28.980661392211914,34.07879638671875,51.260406494140625
2025-02-07,28.76862335205078,33.88426971435547,50.98146438598633
2025-02-10,29.082433700561523,34.115848541259766,51.51145553588867
2025-02-11,29.38776206970215,34.115848541259766,51.288299560546875
2025-02-12,28.57355499267578,33.60637664794922,50.944271087646484
2025-02-13,28.72622299194336,33.643428802490234,51.00935745239258
2025-02-14,29.48953628540039,34.68088912963867,51.76250457763672
2025-02-17,29.548908233642578,34.89393997192383,51.48356246948242
2025-02-18,29.49947738647461,35.53309631347656,51.82759094238281
2025-02-19,29.224027633666992,35.60719680786133,51.781097412109375
2025-02-20,29.144062042236328,35.662776947021484,53.68721008300781
2025-02-21,29.055208206176758,35.56087875366211,54.077728271484375
2025-02-24,28.89527130126953,35.31078338623047,53.584930419921875
2025-02-25,29.18848991394043,35.1533088684082,53.06423568725586
2025-02-26,29.11740493774414,35.1533088684082,52.73880386352539
2025-02-27,29.09075164794922,33.91205596923828,52.34828186035156
2025-02-28,28.379919052124023,33.282169342041016,51.27900314331055
2025-03-05,28.804563522338867,32.06870651245117,51.68811798095703
2025-03-06,28.857906341552734,31.7352352142334,52.25530242919922
2025-03-07,28.98236846923828,32.07797622680664,53.01774597167969
2025-03-10,29.24018669128418,32.06870651245117,52.15970230102539
2025-03-11,28.98236846923828,31.58702850341797,52.594444274902344
2025-03-12,29.071273803710938,31.58702850341797,51.937496185302734
2025-03-13,29.542455673217773,31.901975631713867,52.65241241455078
2025-03-14,30.50261116027832,32.88385772705078,54.38173294067383
2025-03-17,31.41831398010254,33.49522018432617,55.164268493652344
2025-03-18,31.58722496032715,33.523006439208984,55.57003402709961
2025-03-19,31.665462493896484,33.49522018432617,55.47342300415039
2025-03-20,31.372081756591797,33.5693244934082,55.29952621459961
2025-03-21,31.44053840637207,34.08805465698242,55.50240707397461
2025-03-24,31.469877243041992,34.04174041748047,55.21257781982422
2025-03-25,31.724136352539062,34.310367584228516,55.39613342285156
2025-03-26,31.38186264038086,34.63457489013672,55.73426818847656
2025-03-27,31.42098045349121,34.89393997192383,56.17867660522461
2025-03-28,30.99068832397461,34.671630859375,55.60867691040039
2025-03-31,30.716867446899414,34.42152404785156,54.77783203125
2025-04-01,30.724353790283203,34.55120849609375,55.251220703125
2025-04-02,30.73413848876953,34.458580017089844,55.00003433227539
2025-04-03,31.282087326049805,33.347007751464844,53.00986862182617
2025-04-04,30.469945907592773,32.003868103027344,50.89411163330078
2025-04-07,30.52865982055664,30.73482894897461,50.28546905517578
2025-04-08,30.538440704345703,29.641788482666016,47.53208923339844
2025-04-09,31.09617805480957,30.845985412597656,50.092247009277344
2025-04-10,30.96897315979004,28.92853355407715,50.99072265625
2025-04-11,31.125530242919922,29.50284194946289,51.84088897705078
2025-04-14,31.63434410095215,29.39168357849121,52.51715850830078
2025-04-15,32.035526275634766,28.715482711791992,51.98580551147461
2025-04-16,31.986597061157227,28.715482711791992,50.77818298339844
2025-04-17,32.0452995300293,29.283235549926758,51.08733367919922
2025-04-22,32.67153549194336,29.349679946899414,51.99546432495117
2025-04-23,33.35647201538086,29.017454147338867,52.61376953125
2025-04-24,34.00227355957031,28.884565353393555,53.43495559692383
2025-04-25,33.87506866455078,28.969995498657227,52.02444839477539
2025-04-28,34.23711013793945,28.85608673095703,52.2080078125
2025-04-29,34.511077880859375,29.007963180541992,52.01478576660156
2025-04-30,34.81440734863281,28.46691131591797,51.06801223754883
2025-05-02,34.72400665283203,29.24526596069336,51.01004409790039
2025-05-05,34.10725402832031,28.153671264648438,51.16461944580078
2025-05-06,33.9310417175293,28.618783950805664,51.20326232910156
2025-05-07,34.30305099487305,28.751676559448242,51.10665512084961
2025-05-08,34.5771598815918,29.15034294128418,50.95207977294922
2025-05-09,36.44698715209961,29.340187072753906,51.15496063232422
2025-05-12,35.71276092529297,30.042606353759766,52.43986892700195
2025-05-13,36.15330123901367,30.498228073120117,53.29969787597656
2025-05-14,36.398040771484375,30.28940200805664,53.03885269165039
2025-05-15,36.88752365112305,30.251432418823242,53.57020950317383
2025-05-16,37.10289764404297,30.393814086914062,53.60885238647461
2025-05-19,37.543426513671875,30.355846405029297,53.46393585205078
2025-05-20,37.494476318359375,30.479244232177734,53.473594665527344
2025-05-21,36.74067687988281,30.137527465820312,52.78766632080078
2025-05-22,36.48614501953125,29.73885726928711,52.39156723022461
2025-05-23,36.92668533325195,29.805301666259766,52.478515625
2025-05-26,37.005001068115234,29.710378646850586,52.17902374267578
2025-05-27,37.29869079589844,29.928699493408203,52.01478576660156
2025-05-28,36.99521255493164,29.833778381347656,51.599365234375
2025-05-29,36.7015266418457,29.653427124023438,51.63800811767578
2025-05-30,36.64278030395508,29.3306941986084,50.33377456665039
2025-06-02,36.385826110839844,29.501554489135742,50.77818298339844
2025-06-03,36.26829528808594,29.510517120361328,50.74919509887695
2025-06-04,36.18014907836914,28.698928833007812,50.98106002807617
2025-06-05,35.73940658569336,28.708707809448242,51.11631393432617
2025-06-06,35.827552795410156,29.011831283569336,51.18394088745117
2025-06-09,35.64146041870117,28.52292251586914,51.48343276977539
2025-06-10,35.586204528808594,29.383399963378906,51.83123016357422
2025-06-11,35.91241455078125,30.361217498779297,51.37716293334961
2025-06-12,36.18918991088867,31.045690536499023,51.03902816772461
2025-06-13,35.754249572753906,31.808385848999023,50.36275863647461
2025-06-16,36.40666580200195,31.495485305786133,52.005126953125
2025-06-17,36.62413024902344,32.20928955078125,49.66716766357422
2025-06-18,36.40666580200195,32.17995834350586,49.5029296875
2025-06-20,36.218841552734375,32.09195327758789,48.22767639160156
2025-06-23,36.139766693115234,31.290143966674805,48.83631896972656
2025-06-24,36.821834564208984,30.67411994934082,48.82666015625
2025-06-25,36.15953826904297,30.517667770385742,48.76869201660156
2025-06-26,35.892635345458984,30.762121200561523,50.23716354370117
2025-06-27,35.85309982299805,30.517667770385742,51.07767105102539
2025-06-30,36.5252799987793,30.683897018432617,50.86513137817383
2025-07-01,36.69108200073242,30.79145622253418,51.55105972290039
2025-07-02,36.39439010620117,31.339033126831055,53.42529296875
2025-07-03,37.29436111450195,31.44659423828125,53.17410659790039
2025-07-04,37.31414031982422,31.407480239868164,53.32868194580078
2025-07-07,36.81965255737305,31.348814010620117,52.546142578125
2025-07-08,36.73064422607422,31.798608779907227,52.72970199584961
2025-07-09,35.9691276550293,31.603044509887695,52.2080078125
2025-07-10,34.86147689819336,31.524822235107422,53.405967712402344
2025-07-11,34.57467269897461,31.906169891357422,54.1015625
2025-07-14,34.51533508300781,31.485708236694336,53.48325729370117
2025-07-15,34.634010314941406,31.241254806518555,52.08241271972656
2025-07-16,34.80213928222656,31.084802627563477,52.55580520629883
2025-07-17,35.326297760009766,30.771900177001953,52.45919418334961
2025-07-18,34.6834602355957,30.302549362182617,52.71038055419922
2025-07-21,35.08893966674805,30.361217498779297,54.14986801147461
2025-07-22,34.61423110961914,30.654563903808594,55.55071258544922
2025-07-23,34.99993133544922,31.280364990234375,55.47342300415039
2025-07-24,34.6735725402832,31.231475830078125,54.61359405517578
2025-07-25,34.8219108581543,31.270587921142578,53.81173324584961
2025-07-28,34.09007263183594,31.30970001220703,53.2900390625
2025-07-29,34.28786849975586,31.720382690429688,52.96156311035156
2025-07-30,34.6834602355957,32.04306411743164,52.01478576660156
2025-07-31,34.772464752197266,31.91594696044922,51.64767074584961
2025-08-01,34.562355041503906,31.495485305786133,51.92783737182617
2025-08-04,34.92845916748047,31.44659423828125,52.34326171875
2025-08-05,35.31435012817383,31.59326934814453,52.275634765625
2025-08-06,35.75961685180664,31.63237762451172,51.94716262817383
2025-08-07,36.39287567138672,31.808385848999023,52.32394027709961
2025-08-08,36.64025115966797,29.852754592895508,53.51224136352539
2025-08-11,36.86782455444336,30.038537979125977,53.45427703857422
2025-08-12,37.62972640991211,30.116762161254883,54.01461410522461
2025-08-13,37.27351379394531,29.891864776611328,54.09000015258789
2025-08-14,37.224037170410156,29.510517120361328,53.41999816894531
2025-08-15,37.09540939331055,29.5007381439209,53.31999969482422
2025-08-18,37.36256408691406,29.686525344848633,53.20000076293945
2025-08-19,36.276954650878906,29.37362289428711,53.2400016784668
2025-08-20,36.296939849853516,29.54962921142578,53.0
2025-08-21,36.33689880371094,29.618078231811523,53.45000076293945
2025-08-22,37.35597229003906,30.469999313354492,54.790000915527344
2025-08-25,37.16614532470703,30.649999618530273,54.91999816894531
2025-08-26,36.9163703918457,30.43000030517578,55.40999984741211
2025-08-27,37.53580856323242,30.65999984741211,55.380001068115234
2025-08-28,38.31509780883789,30.93000030517578,55.400001525878906
2025-08-29,38.45497131347656,31.100000381469727,55.560001373291016
2025-09-01,38.762481689453125,31.170000076293945,55.599998474121094
2025-09-02,38.102779388427734,31.329999923706055,55.38999938964844
2025-09-03,37.77293014526367,31.059999465942383,55.599998474121094
2025-09-04,37.92285919189453,31.059999465942383,55.709999084472656
2025-09-05,38.34267044067383,30.59000015258789,56.220001220703125
2025-09-08,38.16275405883789,30.709999084472656,56.36000061035156
2025-09-09,37.83290100097656,30.950000762939453,56.189998626708984
2025-09-10,37.86288833618164,31.510000228881836,56.58000183105469
2025-09-11,37.932857513427734,31.389999389648438,57.02000045776367
2025-09-12,37.36311340332031,31.18000030517578,57.0
2025-09-15,37.98283386230469,31.450000762939453,57.5
2025-09-16,37.88288116455078,31.530000686645508,57.70000076293945
2025-09-17,38.42263412475586,31.719999313354492,57.79999923706055
2025-09-18,38.47261428833008,31.40999984741211,57.689998626708984
2025-09-19,38.982383728027344,31.059999465942383,57.91999816894531
2025-09-22,38.42263412475586,31.3700008392334,58.0
2025-09-23,39.0323600769043,31.899999618530273,57.66999816894531
2025-09-24,38.77247619628906,32.619998931884766,57.88999938964844
2025-09-25,38.462615966796875,32.36000061035156,58.209999084472656
2025-09-26,38.652530670166016,32.25,57.09000015258789
2025-09-29,38.872432708740234,31.809999465942383,57.279998779296875
2025-09-30,39.05234909057617,31.459999084472656,57.58000183105469
2025-10-01,38.349998474121094,31.3799991607666,58.310001373291016
